{"type": "FeatureCollection", "features": [{"type": "Feature", "properties": {"code": "500106001", "name": "小龙坎街道", "parentCode": "500106", "center": "106.46372,29.55336"}, "geometry": {"type": "MultiPolygon", "coordinates": [[[[106.465144, 29.545396], [106.46392, 29.545103], [106.463164, 29.545447], [106.464275, 29.546548], [106.46635, 29.547829], [106.465868, 29.546719], [106.465328, 29.546363], [106.465144, 29.545396]]], [[[106.465858, 29.559291], [106.465754, 29.557966], [106.465023, 29.557688], [106.465196, 29.556892], [106.46604, 29.556818], [106.466222, 29.558043], [106.466644, 29.557469], [106.46752, 29.557069], [106.467203, 29.555835], [106.468822, 29.554946], [106.468662, 29.554643], [106.46935, 29.554534], [106.470272, 29.551466], [106.468863, 29.550898], [106.46853, 29.551353], [106.469584, 29.552992], [106.467826, 29.553365], [106.467881, 29.552627], [106.467464, 29.552457], [106.467596, 29.552188], [106.467049, 29.551251], [106.466996, 29.550026], [106.466467, 29.549288], [106.465901, 29.549283], [106.465116, 29.54818], [106.464241, 29.547645], [106.462769, 29.549046], [106.460168, 29.549258], [106.460443, 29.550032], [106.459895, 29.550823], [106.460131, 29.551188], [106.458947, 29.552832], [106.459388, 29.553065], [106.459583, 29.55409], [106.458602, 29.5549], [106.458408, 29.555778], [106.457467, 29.556503], [106.457537, 29.55731], [106.462999, 29.557565], [106.462572, 29.558147], [106.463498, 29.559091], [106.46403, 29.558562], [106.465858, 29.559291]]]]}}, {"type": "Feature", "properties": {"code": "500106002", "name": "沙坪坝街道", "parentCode": "500106", "center": "106.46246,29.57078"}, "geometry": {"type": "MultiPolygon", "coordinates": [[[[106.464987, 29.577825], [106.466632, 29.576164], [106.472573, 29.568698], [106.475538, 29.565693], [106.473967, 29.564858], [106.472285, 29.566042], [106.47134, 29.56571], [106.471032, 29.563989], [106.470038, 29.563368], [106.469256, 29.563813], [106.469122, 29.563585], [106.468734, 29.564015], [106.467867, 29.564059], [106.467975, 29.562793], [106.466537, 29.562303], [106.463995, 29.563975], [106.461771, 29.564375], [106.461842, 29.564649], [106.462687, 29.564561], [106.46231, 29.565857], [106.461823, 29.565885], [106.461827, 29.566149], [106.46005, 29.566191], [106.45979, 29.565494], [106.459245, 29.565408], [106.4586, 29.565727], [106.458483, 29.56469], [106.45309, 29.567253], [106.451729, 29.56892], [106.451983, 29.570121], [106.450916, 29.570763], [106.451642, 29.57168], [106.452241, 29.57082], [106.454133, 29.574249], [106.45265, 29.575475], [106.452618, 29.57598], [106.452996, 29.576052], [106.453716, 29.575383], [106.454085, 29.575759], [106.454667, 29.575393], [106.457423, 29.577829], [106.457619, 29.577492], [106.462, 29.580966], [106.464987, 29.577825]]]]}}, {"type": "Feature", "properties": {"code": "500106003", "name": "渝碚路街道", "parentCode": "500106", "center": "106.45297,29.56248"}, "geometry": {"type": "MultiPolygon", "coordinates": [[[[106.450398, 29.572861], [106.451106, 29.572689], [106.451579, 29.571812], [106.450916, 29.570763], [106.451983, 29.570121], [106.451729, 29.56892], [106.45309, 29.567253], [106.458483, 29.56469], [106.4586, 29.565727], [106.459245, 29.565408], [106.45979, 29.565494], [106.46005, 29.566191], [106.461827, 29.566149], [106.461823, 29.565885], [106.46231, 29.565857], [106.462687, 29.564561], [106.461842, 29.564649], [106.461771, 29.564375], [106.463995, 29.563975], [106.466537, 29.562303], [106.467975, 29.562793], [106.467867, 29.564059], [106.468734, 29.564015], [106.469122, 29.563585], [106.469256, 29.563813], [106.470038, 29.563368], [106.471032, 29.563989], [106.47134, 29.56571], [106.472285, 29.566042], [106.473967, 29.564858], [106.475538, 29.565693], [106.476424, 29.564638], [106.474877, 29.563281], [106.474906, 29.562727], [106.473769, 29.561964], [106.469897, 29.562951], [106.468323, 29.56291], [106.46879, 29.561935], [106.468779, 29.560486], [106.467411, 29.560573], [106.463962, 29.559592], [106.462572, 29.558147], [106.462999, 29.557565], [106.457537, 29.55731], [106.45758, 29.55642], [106.449035, 29.556876], [106.447394, 29.55718], [106.447353, 29.557997], [106.446388, 29.558315], [106.445915, 29.557903], [106.444462, 29.558699], [106.446779, 29.562019], [106.446534, 29.562173], [106.444115, 29.561962], [106.442224, 29.560552], [106.442556, 29.559648], [106.441513, 29.559984], [106.440783, 29.558563], [106.440051, 29.558541], [106.439956, 29.558032], [106.43911, 29.557822], [106.439088, 29.558608], [106.438551, 29.558677], [106.438174, 29.559459], [106.438531, 29.560042], [106.437927, 29.560218], [106.4387, 29.561067], [106.436615, 29.561361], [106.43541, 29.561035], [106.434445, 29.560368], [106.433811, 29.559303], [106.433667, 29.561503], [106.433462, 29.561368], [106.433287, 29.561709], [106.433558, 29.562015], [106.431872, 29.563128], [106.431518, 29.561783], [106.431318, 29.562145], [106.430992, 29.561878], [106.430552, 29.563685], [106.433493, 29.564274], [106.436844, 29.564254], [106.436765, 29.562883], [106.438182, 29.562744], [106.43936, 29.561536], [106.439885, 29.562535], [106.44043, 29.56246], [106.441583, 29.563317], [106.441667, 29.563824], [106.443739, 29.56448], [106.44475, 29.565655], [106.444106, 29.566763], [106.444867, 29.567286], [106.445014, 29.566926], [106.446145, 29.567488], [106.447065, 29.567309], [106.447167, 29.568729], [106.448309, 29.57038], [106.44935, 29.569924], [106.450139, 29.571843], [106.450528, 29.571873], [106.450102, 29.572631], [106.450398, 29.572861]]]]}}, {"type": "Feature", "properties": {"code": "500106004", "name": "磁器口街道", "parentCode": "500106", "center": "106.45114,29.58144"}, "geometry": {"type": "MultiPolygon", "coordinates": [[[[106.450707, 29.586791], [106.456013, 29.585921], [106.45904, 29.583846], [106.462, 29.580966], [106.457619, 29.577492], [106.457423, 29.577829], [106.454667, 29.575393], [106.454085, 29.575759], [106.453716, 29.575383], [106.452996, 29.576052], [106.452075, 29.576157], [106.45158, 29.577781], [106.45025, 29.575975], [106.44861, 29.575321], [106.448059, 29.574726], [106.447418, 29.575005], [106.44622, 29.576469], [106.445061, 29.576159], [106.4444, 29.577312], [106.444139, 29.578609], [106.444384, 29.580202], [106.44242, 29.579956], [106.442259, 29.581008], [106.442586, 29.583445], [106.442191, 29.584527], [106.442989, 29.584796], [106.44312, 29.585586], [106.446746, 29.586712], [106.447346, 29.586993], [106.447268, 29.587483], [106.448871, 29.588117], [106.449943, 29.587087], [106.450707, 29.586791]]]]}}, {"type": "Feature", "properties": {"code": "500106005", "name": "童家桥街道", "parentCode": "500106", "center": "106.43577,29.57494"}, "geometry": {"type": "MultiPolygon", "coordinates": [[[[106.42836, 29.588183], [106.430378, 29.587717], [106.431878, 29.585182], [106.433751, 29.585413], [106.435485, 29.584802], [106.436512, 29.584917], [106.437533, 29.58436], [106.437907, 29.582853], [106.438889, 29.582582], [106.440766, 29.5827], [106.442414, 29.582146], [106.44242, 29.579956], [106.444384, 29.580202], [106.444145, 29.578308], [106.44336, 29.577988], [106.442903, 29.576851], [106.443666, 29.57645], [106.443682, 29.574489], [106.4454, 29.573651], [106.444329, 29.571942], [106.441801, 29.572468], [106.442441, 29.573962], [106.441889, 29.574132], [106.440197, 29.574101], [106.440064, 29.573193], [106.44055, 29.573843], [106.441489, 29.573618], [106.441323, 29.571902], [106.441948, 29.5718], [106.441915, 29.570473], [106.443642, 29.570546], [106.444822, 29.572382], [106.446221, 29.571773], [106.445562, 29.570561], [106.447057, 29.56915], [106.447065, 29.567309], [106.446145, 29.567488], [106.445014, 29.566926], [106.444867, 29.567286], [106.444106, 29.566763], [106.44475, 29.565655], [106.443739, 29.56448], [106.441667, 29.563824], [106.441583, 29.563317], [106.44043, 29.56246], [106.439885, 29.562535], [106.43936, 29.561536], [106.438182, 29.562744], [106.436765, 29.562883], [106.436844, 29.564254], [106.433751, 29.56429], [106.433722, 29.566583], [106.427412, 29.567516], [106.427794, 29.568742], [106.427545, 29.571025], [106.428866, 29.571793], [106.430532, 29.577118], [106.42948, 29.578222], [106.427881, 29.578956], [106.427292, 29.579598], [106.426603, 29.579498], [106.42619, 29.581077], [106.425184, 29.583017], [106.426176, 29.588586], [106.42836, 29.588183]]]]}}, {"type": "Feature", "properties": {"code": "500106006", "name": "石井坡街道", "parentCode": "500106", "center": "106.43927,29.59523"}, "geometry": {"type": "MultiPolygon", "coordinates": [[[[106.437204, 29.619457], [106.437869, 29.619292], [106.438245, 29.617734], [106.438827, 29.617417], [106.439279, 29.61793], [106.439684, 29.617939], [106.439612, 29.61738], [106.440532, 29.617404], [106.440577, 29.61709], [106.441134, 29.617051], [106.441041, 29.616296], [106.441549, 29.615968], [106.441356, 29.615379], [106.43969, 29.615367], [106.438835, 29.614934], [106.438573, 29.615584], [106.436824, 29.616969], [106.436552, 29.617945], [106.435965, 29.618422], [106.435932, 29.618954], [106.436717, 29.618925], [106.436748, 29.619433], [106.437204, 29.619457]]], [[[106.440125, 29.613819], [106.440535, 29.609315], [106.437434, 29.608952], [106.437452, 29.609335], [106.436899, 29.609338], [106.436833, 29.610743], [106.436536, 29.610737], [106.436482, 29.609753], [106.43573, 29.610211], [106.435738, 29.610577], [106.435342, 29.61061], [106.434982, 29.612461], [106.436289, 29.613205], [106.436333, 29.613543], [106.437572, 29.613277], [106.438742, 29.6137], [106.439024, 29.614335], [106.43987, 29.614457], [106.440125, 29.613819]]], [[[106.444396, 29.603472], [106.445115, 29.601087], [106.446258, 29.601258], [106.450814, 29.599098], [106.44764, 29.595429], [106.446107, 29.59272], [106.446765, 29.590251], [106.448871, 29.588117], [106.447268, 29.587483], [106.447346, 29.586993], [106.446746, 29.586712], [106.44312, 29.585586], [106.442989, 29.584796], [106.442191, 29.584527], [106.442586, 29.583445], [106.442414, 29.582146], [106.440766, 29.5827], [106.438889, 29.582582], [106.437907, 29.582853], [106.437533, 29.58436], [106.436512, 29.584917], [106.435485, 29.584802], [106.433751, 29.585413], [106.431878, 29.585182], [106.430378, 29.587717], [106.426176, 29.588586], [106.426263, 29.588877], [106.427326, 29.588794], [106.427903, 29.589672], [106.428577, 29.589735], [106.428477, 29.590318], [106.429094, 29.591296], [106.429247, 29.591966], [106.428439, 29.592869], [106.428211, 29.593855], [106.427523, 29.59405], [106.427736, 29.594802], [106.431221, 29.59378], [106.430805, 29.592897], [106.432067, 29.592776], [106.432389, 29.592455], [106.432803, 29.59303], [106.432302, 29.593014], [106.432267, 29.593473], [106.4314, 29.593607], [106.431772, 29.594828], [106.432856, 29.594351], [106.434276, 29.594296], [106.433198, 29.594957], [106.433076, 29.595358], [106.433408, 29.595919], [106.434321, 29.596079], [106.434281, 29.601793], [106.433301, 29.60194], [106.431737, 29.601232], [106.431188, 29.601417], [106.431384, 29.601855], [106.434215, 29.602007], [106.434543, 29.601859], [106.434728, 29.600823], [106.435993, 29.600707], [106.436415, 29.603036], [106.437009, 29.603379], [106.437938, 29.603677], [106.438619, 29.603567], [106.438637, 29.603172], [106.439805, 29.603396], [106.439698, 29.603111], [106.440432, 29.602938], [106.44126, 29.603835], [106.442633, 29.603396], [106.443884, 29.60412], [106.444396, 29.603472]]]]}}, {"type": "Feature", "properties": {"code": "500106007", "name": "双碑街道", "parentCode": "500106", "center": "106.44781,29.60940"}, "geometry": {"type": "MultiPolygon", "coordinates": [[[[106.443488, 29.623603], [106.444026, 29.623486], [106.444068, 29.622438], [106.4437, 29.622248], [106.443846, 29.620923], [106.443042, 29.620637], [106.443256, 29.620116], [106.443801, 29.62023], [106.443903, 29.6198], [106.443154, 29.618018], [106.443224, 29.616727], [106.443977, 29.616889], [106.444319, 29.618811], [106.445338, 29.619087], [106.445547, 29.619486], [106.449061, 29.619479], [106.448868, 29.618678], [106.450117, 29.616682], [106.449146, 29.616006], [106.449377, 29.615165], [106.450213, 29.61556], [106.45062, 29.615047], [106.451008, 29.615778], [106.451988, 29.61554], [106.45334, 29.615722], [106.453037, 29.613908], [106.453292, 29.613789], [106.453869, 29.614551], [106.454529, 29.614848], [106.454392, 29.615056], [106.453691, 29.614896], [106.45372, 29.615574], [106.453114, 29.616351], [106.45192, 29.616319], [106.452195, 29.616466], [106.452151, 29.616959], [106.451378, 29.617895], [106.451402, 29.618382], [106.451955, 29.618731], [106.45406, 29.61833], [106.455911, 29.61706], [106.456585, 29.614976], [106.454822, 29.611711], [106.458392, 29.610268], [106.455957, 29.60659], [106.45461, 29.603421], [106.450814, 29.599098], [106.446258, 29.601258], [106.445115, 29.601087], [106.444362, 29.603682], [106.443884, 29.60412], [106.442633, 29.603396], [106.44126, 29.603835], [106.440432, 29.602938], [106.439698, 29.603111], [106.439805, 29.603396], [106.438637, 29.603172], [106.438619, 29.603567], [106.437938, 29.603677], [106.436415, 29.603036], [106.436176, 29.601811], [106.435717, 29.602098], [106.43564, 29.603031], [106.434424, 29.603218], [106.434246, 29.603521], [106.434077, 29.606004], [106.434298, 29.606611], [106.434998, 29.606618], [106.435134, 29.606033], [106.435884, 29.606033], [106.436384, 29.607281], [106.43632, 29.609168], [106.435845, 29.609945], [106.435297, 29.61022], [106.435342, 29.61061], [106.435738, 29.610577], [106.43573, 29.610211], [106.436482, 29.609753], [106.436536, 29.610737], [106.436833, 29.610743], [106.436899, 29.609338], [106.437452, 29.609335], [106.437434, 29.608952], [106.438815, 29.609051], [106.439088, 29.60529], [106.44106, 29.605994], [106.442278, 29.605785], [106.442173, 29.607079], [106.441436, 29.607185], [106.441367, 29.608652], [106.442454, 29.608718], [106.44327, 29.610156], [106.441442, 29.611249], [106.443082, 29.610826], [106.44434, 29.611334], [106.444006, 29.612376], [106.443267, 29.612738], [106.442364, 29.61485], [106.443204, 29.615076], [106.443259, 29.615497], [106.443015, 29.616031], [106.44319, 29.618514], [106.442916, 29.619067], [106.44321, 29.619691], [106.442136, 29.620698], [106.442529, 29.62192], [106.442375, 29.622967], [106.442638, 29.623486], [106.443488, 29.623603]]]]}}, {"type": "Feature", "properties": {"code": "500106008", "name": "井口街道", "parentCode": "500106", "center": "106.44274,29.63699"}, "geometry": {"type": "MultiPolygon", "coordinates": [[[[106.460289, 29.664909], [106.463148, 29.662569], [106.465857, 29.659665], [106.467319, 29.656476], [106.467353, 29.654902], [106.464761, 29.649793], [106.462564, 29.647571], [106.460983, 29.645427], [106.459906, 29.644373], [106.451442, 29.638569], [106.449487, 29.636864], [106.44747, 29.634458], [106.446376, 29.632137], [106.445997, 29.627256], [106.446022, 29.62576], [106.446521, 29.624448], [106.449107, 29.622321], [106.450906, 29.621375], [106.45692, 29.62034], [106.45903, 29.61853], [106.459467, 29.617055], [106.459358, 29.61635], [106.457556, 29.612154], [106.457902, 29.611002], [106.458788, 29.610514], [106.458392, 29.610268], [106.454822, 29.611711], [106.456508, 29.614649], [106.456496, 29.615654], [106.455643, 29.617327], [106.453487, 29.61857], [106.451741, 29.618724], [106.451378, 29.617895], [106.452151, 29.616959], [106.452195, 29.616466], [106.45192, 29.616319], [106.453114, 29.616351], [106.45372, 29.615574], [106.453691, 29.614896], [106.454392, 29.615056], [106.454529, 29.614848], [106.453869, 29.614551], [106.453292, 29.613789], [106.453037, 29.613908], [106.45334, 29.615722], [106.451988, 29.61554], [106.451008, 29.615778], [106.45062, 29.615047], [106.450213, 29.61556], [106.449377, 29.615165], [106.449146, 29.616006], [106.450117, 29.616682], [106.448868, 29.618678], [106.449061, 29.619479], [106.445547, 29.619486], [106.445338, 29.619087], [106.444319, 29.618811], [106.443977, 29.616889], [106.443224, 29.616727], [106.443154, 29.618018], [106.443903, 29.6198], [106.443801, 29.62023], [106.443256, 29.620116], [106.443042, 29.620637], [106.443846, 29.620923], [106.4437, 29.622248], [106.44406, 29.622382], [106.444026, 29.623486], [106.442638, 29.623486], [106.442136, 29.620698], [106.44321, 29.619691], [106.442916, 29.619067], [106.44319, 29.618514], [106.443015, 29.616031], [106.443259, 29.615497], [106.443204, 29.615076], [106.442376, 29.614719], [106.443267, 29.612738], [106.444006, 29.612376], [106.44434, 29.611334], [106.443082, 29.610826], [106.441442, 29.611249], [106.44327, 29.610156], [106.442454, 29.608718], [106.441367, 29.608652], [106.441436, 29.607185], [106.442173, 29.607079], [106.442278, 29.605785], [106.44106, 29.605994], [106.439088, 29.60529], [106.438806, 29.609196], [106.440535, 29.609315], [106.440339, 29.613224], [106.43987, 29.614457], [106.439024, 29.614335], [106.438742, 29.6137], [106.437572, 29.613277], [106.436333, 29.613543], [106.436289, 29.613205], [106.434982, 29.612461], [106.435297, 29.61022], [106.435845, 29.609945], [106.43632, 29.609168], [106.436384, 29.607281], [106.435884, 29.606033], [106.435134, 29.606033], [106.434998, 29.606618], [106.434298, 29.606611], [106.434077, 29.606004], [106.434246, 29.603521], [106.434424, 29.603218], [106.43564, 29.603031], [106.435717, 29.602098], [106.436176, 29.601811], [106.435993, 29.600707], [106.434728, 29.600823], [106.434543, 29.601859], [106.432081, 29.601997], [106.43187, 29.602585], [106.43096, 29.602692], [106.429836, 29.603322], [106.429385, 29.604137], [106.429823, 29.604692], [106.42888, 29.605435], [106.42937, 29.606138], [106.428769, 29.60625], [106.428901, 29.606714], [106.429559, 29.606849], [106.429734, 29.607349], [106.428651, 29.607302], [106.42809, 29.607609], [106.428555, 29.608225], [106.428464, 29.610687], [106.427956, 29.61136], [106.428349, 29.611311], [106.42857, 29.611689], [106.428702, 29.613235], [106.42838, 29.613275], [106.428395, 29.613722], [106.428675, 29.613752], [106.42887, 29.613335], [106.430015, 29.613596], [106.429758, 29.611979], [106.429262, 29.611784], [106.429155, 29.611324], [106.429766, 29.611397], [106.4307, 29.610961], [106.431532, 29.611235], [106.432103, 29.610885], [106.432446, 29.611069], [106.43116, 29.613508], [106.42841, 29.61496], [106.428172, 29.615554], [106.42655, 29.615925], [106.428572, 29.616793], [106.428391, 29.617619], [106.428796, 29.617876], [106.428928, 29.61867], [106.427846, 29.619336], [106.427234, 29.622182], [106.428051, 29.622449], [106.428806, 29.622124], [106.429175, 29.623335], [106.428401, 29.624152], [106.427865, 29.625295], [106.427953, 29.625875], [106.426429, 29.626793], [106.426417, 29.627204], [106.427, 29.627334], [106.427913, 29.628334], [106.42708, 29.630697], [106.425852, 29.630464], [106.42518, 29.629836], [106.425273, 29.629199], [106.424837, 29.629196], [106.424974, 29.632769], [106.425255, 29.632724], [106.425392, 29.631451], [106.426703, 29.631059], [106.427915, 29.632037], [106.427948, 29.632815], [106.428302, 29.63312], [106.427889, 29.633505], [106.42798, 29.63437], [106.428658, 29.633851], [106.428775, 29.633137], [106.429387, 29.633439], [106.428195, 29.636507], [106.426472, 29.636934], [106.426494, 29.638194], [106.427227, 29.638397], [106.428173, 29.639563], [106.428562, 29.640793], [106.428466, 29.641912], [106.42753, 29.642637], [106.427345, 29.643321], [106.42832, 29.643417], [106.429156, 29.644102], [106.429632, 29.644865], [106.429324, 29.645089], [106.429403, 29.645827], [106.428868, 29.646501], [106.428032, 29.646574], [106.42848, 29.64698], [106.42837, 29.647251], [106.427233, 29.647391], [106.427028, 29.647681], [106.425806, 29.64741], [106.425592, 29.647743], [106.425903, 29.648979], [106.427589, 29.648135], [106.428397, 29.648633], [106.428243, 29.648914], [106.428861, 29.648958], [106.428837, 29.649887], [106.428462, 29.650221], [106.429012, 29.651278], [106.42909, 29.652591], [106.428528, 29.654139], [106.424316, 29.655138], [106.424012, 29.655592], [106.426346, 29.655073], [106.427744, 29.655397], [106.427214, 29.657292], [106.425595, 29.658589], [106.428666, 29.658154], [106.432691, 29.656623], [106.4345, 29.656545], [106.435025, 29.656212], [106.435666, 29.656495], [106.436726, 29.6564], [106.439556, 29.654856], [106.439738, 29.653254], [106.440318, 29.652796], [106.441517, 29.652957], [106.442345, 29.653727], [106.444483, 29.653352], [106.444627, 29.656017], [106.445604, 29.658013], [106.44428, 29.660029], [106.444239, 29.660791], [106.444817, 29.6616], [106.446946, 29.662205], [106.445908, 29.663363], [106.445883, 29.664104], [106.445136, 29.664496], [106.445086, 29.665214], [106.445674, 29.665683], [106.446585, 29.665706], [106.447919, 29.664526], [106.448748, 29.664433], [106.449634, 29.665422], [106.449493, 29.666094], [106.450225, 29.669205], [106.450848, 29.669725], [106.45269, 29.66998], [106.4535, 29.67129], [106.455117, 29.669325], [106.460289, 29.664909]], [[106.436884, 29.618999], [106.435932, 29.618954], [106.435965, 29.618422], [106.436552, 29.617945], [106.436824, 29.616969], [106.438573, 29.615584], [106.438835, 29.614934], [106.43969, 29.615367], [106.441356, 29.615379], [106.441549, 29.615968], [106.441041, 29.616296], [106.441134, 29.617051], [106.440577, 29.61709], [106.440532, 29.617404], [106.439612, 29.61738], [106.439684, 29.617939], [106.439279, 29.61793], [106.438827, 29.617417], [106.438245, 29.617734], [106.437869, 29.619292], [106.436748, 29.619433], [106.436884, 29.618999]]], [[[106.426139, 29.607414], [106.426446, 29.607546], [106.425928, 29.606454], [106.425789, 29.60451], [106.426058, 29.60409], [106.426216, 29.604374], [106.426473, 29.604186], [106.426996, 29.602796], [106.427565, 29.602166], [106.428077, 29.602557], [106.4281, 29.603553], [106.428541, 29.604139], [106.429103, 29.604038], [106.428509, 29.602931], [106.428899, 29.602192], [106.431384, 29.601855], [106.431188, 29.601417], [106.431737, 29.601232], [106.433301, 29.60194], [106.434281, 29.601793], [106.434321, 29.596079], [106.433408, 29.595919], [106.433076, 29.595358], [106.433198, 29.594957], [106.434305, 29.594417], [106.432949, 29.594333], [106.431772, 29.594828], [106.4314, 29.593607], [106.432267, 29.593473], [106.432302, 29.593014], [106.432803, 29.59303], [106.432446, 29.592464], [106.432067, 29.592776], [106.430805, 29.592897], [106.431221, 29.59378], [106.427736, 29.594802], [106.427291, 29.593607], [106.426481, 29.593819], [106.425856, 29.592758], [106.42483, 29.59254], [106.42493, 29.595288], [106.424463, 29.59569], [106.424774, 29.595985], [106.424375, 29.596272], [106.424894, 29.596488], [106.424361, 29.597129], [106.424241, 29.597941], [106.423724, 29.598028], [106.423995, 29.599256], [106.422863, 29.599749], [106.42366, 29.6005], [106.424419, 29.600262], [106.42455, 29.601656], [106.42395, 29.603016], [106.424625, 29.603027], [106.425001, 29.604023], [106.424539, 29.604769], [106.425295, 29.606045], [106.42487, 29.606306], [106.425227, 29.60669], [106.424935, 29.607363], [106.425501, 29.606906], [106.425988, 29.607958], [106.426139, 29.607414]]]]}}, {"type": "Feature", "properties": {"code": "500106009", "name": "歌乐山街道", "parentCode": "500106", "center": "106.41346,29.56467"}, "geometry": {"type": "MultiPolygon", "coordinates": [[[[106.428864, 29.622485], [106.428806, 29.622124], [106.428051, 29.622449], [106.427234, 29.622182], [106.427846, 29.619336], [106.428928, 29.61867], [106.428796, 29.617876], [106.428391, 29.617619], [106.428572, 29.616793], [106.42655, 29.615925], [106.428172, 29.615554], [106.42841, 29.61496], [106.43116, 29.613508], [106.432064, 29.612137], [106.432286, 29.610887], [106.431595, 29.611227], [106.430875, 29.610948], [106.429766, 29.611397], [106.429155, 29.611324], [106.429262, 29.611784], [106.429758, 29.611979], [106.430015, 29.613596], [106.42887, 29.613335], [106.4285, 29.613768], [106.42857, 29.611689], [106.428349, 29.611311], [106.427956, 29.61136], [106.428315, 29.611169], [106.428582, 29.609523], [106.428545, 29.608138], [106.428111, 29.607899], [106.428111, 29.607551], [106.429734, 29.607349], [106.429559, 29.606849], [106.428901, 29.606714], [106.42877, 29.606297], [106.42937, 29.606138], [106.42888, 29.605435], [106.429823, 29.604692], [106.429385, 29.604137], [106.429836, 29.603322], [106.43096, 29.602692], [106.43187, 29.602585], [106.432072, 29.601955], [106.428899, 29.602192], [106.428509, 29.602931], [106.429103, 29.604038], [106.428541, 29.604139], [106.4281, 29.603553], [106.428077, 29.602557], [106.427565, 29.602166], [106.426996, 29.602796], [106.426473, 29.604186], [106.426216, 29.604374], [106.426058, 29.60409], [106.425789, 29.60451], [106.425973, 29.606662], [106.426454, 29.607519], [106.426139, 29.607414], [106.425957, 29.607952], [106.42545, 29.606879], [106.424956, 29.607434], [106.425227, 29.60669], [106.42487, 29.606306], [106.425295, 29.606045], [106.424539, 29.604769], [106.425001, 29.604023], [106.424625, 29.603027], [106.42395, 29.603016], [106.42455, 29.601656], [106.424419, 29.600262], [106.42366, 29.6005], [106.422863, 29.599718], [106.423995, 29.599256], [106.423724, 29.598028], [106.424241, 29.597941], [106.424361, 29.597129], [106.424894, 29.596488], [106.424374, 29.596172], [106.424774, 29.595985], [106.424463, 29.59569], [106.42493, 29.595288], [106.424873, 29.592479], [106.425856, 29.592758], [106.426481, 29.593819], [106.427254, 29.593599], [106.42771, 29.593928], [106.428211, 29.593855], [106.428439, 29.592869], [106.429247, 29.591966], [106.428477, 29.590318], [106.428577, 29.589735], [106.427903, 29.589672], [106.427326, 29.588794], [106.426173, 29.588834], [106.425426, 29.585276], [106.425497, 29.583652], [106.425184, 29.583017], [106.42619, 29.581077], [106.426603, 29.579498], [106.427292, 29.579598], [106.427881, 29.578956], [106.42948, 29.578222], [106.430532, 29.577118], [106.428866, 29.571793], [106.428057, 29.571509], [106.427446, 29.570603], [106.427794, 29.568742], [106.427408, 29.567677], [106.427353, 29.558559], [106.42788, 29.557031], [106.427179, 29.555899], [106.427294, 29.555141], [106.427, 29.554958], [106.427258, 29.554725], [106.42699, 29.55449], [106.42741, 29.552449], [106.427158, 29.550774], [106.427678, 29.548716], [106.427015, 29.548418], [106.426255, 29.548593], [106.426412, 29.548119], [106.42563, 29.547343], [106.425361, 29.546246], [106.424437, 29.545861], [106.424681, 29.54564], [106.424261, 29.543426], [106.425809, 29.544097], [106.426274, 29.543991], [106.426965, 29.543598], [106.427267, 29.542624], [106.42694, 29.54091], [106.427093, 29.538927], [106.42666, 29.538461], [106.427203, 29.538048], [106.426826, 29.537164], [106.427046, 29.53672], [106.426814, 29.53598], [106.427247, 29.535026], [106.426985, 29.534476], [106.426065, 29.534247], [106.426493, 29.53329], [106.426017, 29.530828], [106.426767, 29.530231], [106.426189, 29.529939], [106.426424, 29.529496], [106.426046, 29.529111], [106.426431, 29.527388], [106.426169, 29.524712], [106.426439, 29.524456], [106.42567, 29.523439], [106.426103, 29.522992], [106.426024, 29.522434], [106.426544, 29.522103], [106.42727, 29.522341], [106.427693, 29.523073], [106.427464, 29.522334], [106.426602, 29.521641], [106.425763, 29.520097], [106.42541, 29.518161], [106.425905, 29.516858], [106.425649, 29.515885], [106.42512, 29.515488], [106.424507, 29.515596], [106.423901, 29.516705], [106.423922, 29.518032], [106.423565, 29.518146], [106.423335, 29.517856], [106.423478, 29.516772], [106.423185, 29.516593], [106.424138, 29.514096], [106.423964, 29.513628], [106.424308, 29.513759], [106.424447, 29.51432], [106.424884, 29.514381], [106.425073, 29.514015], [106.424613, 29.512331], [106.423861, 29.512029], [106.423695, 29.513534], [106.422241, 29.512443], [106.421469, 29.512761], [106.421163, 29.513269], [106.420422, 29.512803], [106.423098, 29.511867], [106.423172, 29.510776], [106.423586, 29.510243], [106.423392, 29.509338], [106.423777, 29.509728], [106.423747, 29.511323], [106.426548, 29.512937], [106.427056, 29.512296], [106.427028, 29.511834], [106.425876, 29.51101], [106.426584, 29.510332], [106.426698, 29.509689], [106.426071, 29.508649], [106.425792, 29.506566], [106.424873, 29.505713], [106.424181, 29.505576], [106.424575, 29.505093], [106.424428, 29.503712], [106.423756, 29.503925], [106.423628, 29.500639], [106.423923, 29.499593], [106.422567, 29.499599], [106.422404, 29.497597], [106.421274, 29.495925], [106.419536, 29.496581], [106.418787, 29.49611], [106.416749, 29.496555], [106.416398, 29.496408], [106.416127, 29.495577], [106.413464, 29.494658], [106.411437, 29.495255], [106.405089, 29.495489], [106.404078, 29.494579], [106.403146, 29.495004], [106.402487, 29.495834], [106.403092, 29.497234], [106.402982, 29.498823], [106.402395, 29.500517], [106.402986, 29.502131], [106.402653, 29.503126], [106.402754, 29.504583], [106.403128, 29.504727], [106.404518, 29.503687], [106.405185, 29.503803], [106.405776, 29.504363], [106.406718, 29.503849], [106.406396, 29.505101], [106.407154, 29.507169], [106.407172, 29.508526], [106.405732, 29.508592], [106.405552, 29.51023], [106.405947, 29.510796], [106.407564, 29.511668], [106.407509, 29.512216], [106.406859, 29.5124], [106.40674, 29.512921], [106.407882, 29.512841], [106.408206, 29.513491], [106.407778, 29.514389], [106.408091, 29.514969], [106.407652, 29.516589], [106.408364, 29.51794], [106.408254, 29.521758], [106.408588, 29.52236], [106.408834, 29.524806], [106.408593, 29.527157], [106.408999, 29.528831], [106.408567, 29.529892], [106.40915, 29.530599], [106.408607, 29.531311], [106.408895, 29.53225], [106.409952, 29.533204], [106.409271, 29.53376], [106.40929, 29.534109], [106.409867, 29.534152], [106.409557, 29.536241], [106.409142, 29.53705], [106.410244, 29.53806], [106.410409, 29.538594], [106.410132, 29.540013], [106.409302, 29.541142], [106.410525, 29.543142], [106.410183, 29.543682], [106.409355, 29.543686], [106.408758, 29.543277], [106.408267, 29.543622], [106.402671, 29.544021], [106.401435, 29.543532], [106.40047, 29.542194], [106.399982, 29.542033], [106.399963, 29.541317], [106.39792, 29.544205], [106.395299, 29.545163], [106.394922, 29.546705], [106.396294, 29.546817], [106.395327, 29.547556], [106.395884, 29.547719], [106.395077, 29.54861], [106.395055, 29.549249], [106.395715, 29.550182], [106.39605, 29.551346], [106.395787, 29.552088], [106.396332, 29.553574], [106.395729, 29.553718], [106.395857, 29.554969], [106.395212, 29.556755], [106.395607, 29.557278], [106.395742, 29.558301], [106.394976, 29.558397], [106.394787, 29.558753], [106.395395, 29.559317], [106.395097, 29.559791], [106.395912, 29.561595], [106.395674, 29.563131], [106.396004, 29.563607], [106.395642, 29.564175], [106.395027, 29.564428], [106.394935, 29.566136], [106.395192, 29.567347], [106.396429, 29.568985], [106.397659, 29.572311], [106.397308, 29.572713], [106.397732, 29.575633], [106.396706, 29.577057], [106.397046, 29.577226], [106.397091, 29.577741], [106.397978, 29.578335], [106.398414, 29.581411], [106.397811, 29.582], [106.398464, 29.582025], [106.398326, 29.582718], [106.39887, 29.583319], [106.397535, 29.585576], [106.397804, 29.585886], [106.397948, 29.585336], [106.398479, 29.587078], [106.399101, 29.587434], [106.398855, 29.588952], [106.39961, 29.589952], [106.399588, 29.591583], [106.398438, 29.592607], [106.398936, 29.593711], [106.400041, 29.594398], [106.399056, 29.596009], [106.399603, 29.596456], [106.400797, 29.595648], [106.400964, 29.595963], [106.400891, 29.597096], [106.400587, 29.597028], [106.400776, 29.596288], [106.398867, 29.597331], [106.399553, 29.59768], [106.399084, 29.598038], [106.399055, 29.598692], [106.398341, 29.599041], [106.39951, 29.599391], [106.399743, 29.599137], [106.399667, 29.599578], [106.39913, 29.599855], [106.399373, 29.600676], [106.399089, 29.60138], [106.398284, 29.601469], [106.39751, 29.600813], [106.397704, 29.599805], [106.397051, 29.599334], [106.396061, 29.601248], [106.396756, 29.601674], [106.398214, 29.601638], [106.400144, 29.602073], [106.40074, 29.602508], [106.400033, 29.602873], [106.400043, 29.602476], [106.399458, 29.60251], [106.399622, 29.602967], [106.39926, 29.603177], [106.399298, 29.603616], [106.398475, 29.603828], [106.398138, 29.60464], [106.397029, 29.604756], [106.397222, 29.605844], [106.399332, 29.605501], [106.399464, 29.606046], [106.399796, 29.606037], [106.401126, 29.605508], [106.400863, 29.60521], [106.39988, 29.605458], [106.399733, 29.605244], [106.400948, 29.60507], [106.401501, 29.604222], [106.401572, 29.605584], [106.401917, 29.605716], [106.4015, 29.605989], [106.402024, 29.606839], [106.401971, 29.607409], [106.40155, 29.607746], [106.401764, 29.609109], [106.401477, 29.609343], [106.401937, 29.609675], [106.401666, 29.609806], [106.401796, 29.610181], [106.401123, 29.610491], [106.400295, 29.609951], [106.401109, 29.608953], [106.400209, 29.609295], [106.400064, 29.609902], [106.399552, 29.609924], [106.399303, 29.609127], [106.39867, 29.608723], [106.399706, 29.60812], [106.399989, 29.608722], [106.400251, 29.608624], [106.40041, 29.607967], [106.400881, 29.607879], [106.400853, 29.607191], [106.400429, 29.607696], [106.398539, 29.608344], [106.398058, 29.608317], [106.397438, 29.607584], [106.397302, 29.607867], [106.398174, 29.609239], [106.398713, 29.609505], [106.398518, 29.61205], [106.399141, 29.611791], [106.399807, 29.610628], [106.400678, 29.610795], [106.400877, 29.611735], [106.400383, 29.612047], [106.400745, 29.612452], [106.400554, 29.613042], [106.399223, 29.613205], [106.400354, 29.613792], [106.400225, 29.614066], [106.399062, 29.613697], [106.398045, 29.61285], [106.398681, 29.614427], [106.398344, 29.614488], [106.399932, 29.615471], [106.399503, 29.615809], [106.399005, 29.6156], [106.399056, 29.615045], [106.398288, 29.615529], [106.397627, 29.61524], [106.397912, 29.616904], [106.398709, 29.616854], [106.398896, 29.617292], [106.399373, 29.617226], [106.399503, 29.617879], [106.399953, 29.618235], [106.399219, 29.619434], [106.398549, 29.618706], [106.397926, 29.618906], [106.397958, 29.619286], [106.398854, 29.619605], [106.39812, 29.620547], [106.400033, 29.620435], [106.398, 29.621528], [106.398066, 29.622647], [106.400311, 29.62323], [106.401961, 29.622903], [106.402483, 29.623321], [106.402493, 29.622849], [106.405177, 29.618719], [106.408288, 29.616939], [106.411847, 29.616118], [106.414812, 29.616498], [106.415259, 29.61691], [106.416032, 29.616846], [106.417057, 29.617244], [106.418369, 29.617169], [106.42055, 29.61823], [106.421883, 29.619322], [106.423052, 29.62098], [106.426765, 29.624848], [106.427178, 29.62652], [106.427953, 29.625875], [106.427865, 29.625295], [106.428401, 29.624152], [106.429149, 29.623434], [106.428864, 29.622485]], [[106.414518, 29.53404], [106.41548, 29.531801], [106.414759, 29.529782], [106.415169, 29.528576], [106.415087, 29.527266], [106.415416, 29.526727], [106.416839, 29.52789], [106.417747, 29.527104], [106.418736, 29.52739], [106.419502, 29.527013], [106.419755, 29.527942], [106.418955, 29.528779], [106.419384, 29.528893], [106.419527, 29.529515], [106.418606, 29.530902], [106.418342, 29.532154], [106.420622, 29.535795], [106.420365, 29.537], [106.421706, 29.537606], [106.421078, 29.538169], [106.420408, 29.538069], [106.420208, 29.538312], [106.420204, 29.539481], [106.419878, 29.539936], [106.416309, 29.540114], [106.414218, 29.540863], [106.412278, 29.540887], [106.412087, 29.537117], [106.414358, 29.535203], [106.414518, 29.53404]], [[106.41685, 29.523254], [106.416361, 29.52347], [106.416627, 29.520709], [106.418083, 29.52081], [106.41829, 29.520467], [106.417738, 29.519948], [106.418125, 29.518758], [106.417339, 29.518263], [106.418461, 29.517748], [106.418453, 29.516746], [106.418061, 29.516729], [106.417612, 29.517323], [106.416653, 29.517476], [106.416447, 29.516483], [106.415904, 29.516953], [106.415855, 29.516385], [106.415333, 29.515996], [106.415361, 29.515414], [106.415959, 29.514404], [106.418734, 29.514504], [106.41947, 29.514261], [106.419813, 29.51332], [106.420462, 29.513193], [106.420624, 29.513327], [106.419757, 29.514585], [106.419079, 29.514822], [106.419429, 29.515186], [106.419871, 29.514921], [106.419906, 29.515276], [106.42032, 29.515242], [106.420444, 29.516301], [106.41963, 29.51686], [106.419469, 29.5174], [106.420037, 29.517139], [106.420233, 29.518139], [106.421583, 29.518439], [106.421693, 29.520477], [106.419565, 29.520723], [106.417596, 29.522895], [106.416885, 29.522592], [106.41718, 29.523032], [106.41685, 29.523254]], [[106.412238, 29.513898], [106.412934, 29.514892], [106.411722, 29.515238], [106.411672, 29.514513], [106.412238, 29.513898]], [[106.414599, 29.513947], [106.415295, 29.514083], [106.415288, 29.514459], [106.414546, 29.514338], [106.414599, 29.513947]], [[106.412709, 29.518409], [106.411955, 29.518352], [106.411826, 29.517394], [106.412497, 29.516945], [106.413831, 29.516878], [106.413824, 29.517365], [106.412847, 29.517298], [106.412709, 29.518409]], [[106.414137, 29.517632], [106.414428, 29.517699], [106.41449, 29.518331], [106.414491, 29.519172], [106.414004, 29.519895], [106.4142, 29.520175], [106.413905, 29.52056], [106.412918, 29.520726], [106.412946, 29.522104], [106.412457, 29.522048], [106.412146, 29.519647], [106.412631, 29.51941], [106.413723, 29.51969], [106.414137, 29.517632]], [[106.41815, 29.508771], [106.41851, 29.508697], [106.418739, 29.509487], [106.417162, 29.510131], [106.41739, 29.509046], [106.41815, 29.508771]]]]}}, {"type": "Feature", "properties": {"code": "500106010", "name": "山洞街道", "parentCode": "500106", "center": "106.41699,29.52926"}, "geometry": {"type": "MultiPolygon", "coordinates": [[[[106.414218, 29.540863], [106.416309, 29.540114], [106.419878, 29.539936], [106.420204, 29.539481], [106.420208, 29.538312], [106.420408, 29.538069], [106.421078, 29.538169], [106.421706, 29.537606], [106.420365, 29.537], [106.420622, 29.535795], [106.418342, 29.532154], [106.418606, 29.530902], [106.419527, 29.529515], [106.419384, 29.528893], [106.418955, 29.528779], [106.419755, 29.527942], [106.419502, 29.527013], [106.418736, 29.52739], [106.417747, 29.527104], [106.416839, 29.52789], [106.415416, 29.526727], [106.415087, 29.527266], [106.415169, 29.528576], [106.414759, 29.529782], [106.41548, 29.531801], [106.414666, 29.533571], [106.414358, 29.535203], [106.412087, 29.537117], [106.412278, 29.540887], [106.414218, 29.540863]]], [[[106.41685, 29.523254], [106.41718, 29.523032], [106.416885, 29.522592], [106.417596, 29.522895], [106.419565, 29.520723], [106.421693, 29.520477], [106.421583, 29.518439], [106.420233, 29.518139], [106.420037, 29.517139], [106.419469, 29.5174], [106.41963, 29.51686], [106.420444, 29.516301], [106.42032, 29.515242], [106.419906, 29.515276], [106.419871, 29.514921], [106.419429, 29.515186], [106.419079, 29.514822], [106.419757, 29.514585], [106.420624, 29.513327], [106.420462, 29.513193], [106.419813, 29.51332], [106.41947, 29.514261], [106.418734, 29.514504], [106.415959, 29.514404], [106.415361, 29.515414], [106.415333, 29.515996], [106.415855, 29.516385], [106.415904, 29.516953], [106.416447, 29.516483], [106.416653, 29.517476], [106.417612, 29.517323], [106.418061, 29.516729], [106.418453, 29.516746], [106.418461, 29.517748], [106.417339, 29.518263], [106.418125, 29.518758], [106.417738, 29.519948], [106.41829, 29.520467], [106.418083, 29.52081], [106.416627, 29.520709], [106.416361, 29.52347], [106.41685, 29.523254]]], [[[106.412918, 29.520726], [106.413905, 29.52056], [106.4142, 29.520175], [106.414004, 29.519895], [106.414491, 29.519172], [106.414294, 29.517537], [106.413723, 29.51969], [106.412631, 29.51941], [106.412146, 29.519647], [106.412457, 29.522048], [106.412946, 29.522104], [106.412918, 29.520726]]], [[[106.412709, 29.518409], [106.412847, 29.517298], [106.413824, 29.517365], [106.413831, 29.516878], [106.412497, 29.516945], [106.411826, 29.517394], [106.411955, 29.518352], [106.412709, 29.518409]]], [[[106.424017, 29.51683], [106.423397, 29.516987], [106.423565, 29.518146], [106.423979, 29.51787], [106.424017, 29.51683]]], [[[106.412238, 29.513898], [106.411672, 29.514513], [106.411722, 29.515238], [106.412934, 29.514892], [106.412238, 29.513898]]], [[[106.414995, 29.513964], [106.414599, 29.513947], [106.414546, 29.514338], [106.415288, 29.514459], [106.414995, 29.513964]]], [[[106.41851, 29.508697], [106.41739, 29.509046], [106.417162, 29.510131], [106.418739, 29.509487], [106.41851, 29.508697]]]]}}, {"type": "Feature", "properties": {"code": "500106011", "name": "新桥街道", "parentCode": "500106", "center": "106.43739,29.51947"}, "geometry": {"type": "MultiPolygon", "coordinates": [[[[106.430179, 29.519952], [106.42976, 29.51973], [106.42968, 29.518714], [106.427659, 29.518988], [106.426324, 29.517759], [106.425595, 29.517546], [106.425472, 29.517759], [106.425763, 29.520097], [106.426602, 29.521641], [106.427464, 29.522334], [106.427724, 29.523232], [106.427452, 29.523647], [106.428144, 29.524169], [106.4291, 29.524361], [106.429555, 29.524073], [106.429551, 29.523134], [106.430097, 29.522095], [106.430179, 29.519952]]], [[[106.433916, 29.536292], [106.435735, 29.536083], [106.436116, 29.535607], [106.434497, 29.534238], [106.434411, 29.533069], [106.434002, 29.533107], [106.432793, 29.532145], [106.434318, 29.531457], [106.432688, 29.530785], [106.432806, 29.529774], [106.432276, 29.529446], [106.432131, 29.528745], [106.431718, 29.528608], [106.43204, 29.527383], [106.433274, 29.526765], [106.434413, 29.527241], [106.434527, 29.528175], [106.43592, 29.528727], [106.435455, 29.532825], [106.435619, 29.534334], [106.43652, 29.533992], [106.436596, 29.534363], [106.437645, 29.533684], [106.439777, 29.533704], [106.440494, 29.530508], [106.441257, 29.530466], [106.441099, 29.52949], [106.443575, 29.528775], [106.443621, 29.528438], [106.443204, 29.527501], [106.44333, 29.526944], [106.44192, 29.526807], [106.441634, 29.525441], [106.439363, 29.521539], [106.441088, 29.519764], [106.44052, 29.519516], [106.441021, 29.518702], [106.442171, 29.519264], [106.442417, 29.518394], [106.445416, 29.518278], [106.447734, 29.516431], [106.447609, 29.515993], [106.443606, 29.515867], [106.443581, 29.515185], [106.442843, 29.514835], [106.444045, 29.513508], [106.443428, 29.51297], [106.442138, 29.512923], [106.442192, 29.512645], [106.44177, 29.5124], [106.439988, 29.512351], [106.439879, 29.512968], [106.43957, 29.513092], [106.439465, 29.511486], [106.440009, 29.510843], [106.439494, 29.510669], [106.439046, 29.509804], [106.439237, 29.509431], [106.440106, 29.509279], [106.440126, 29.509003], [106.439315, 29.50848], [106.438685, 29.508841], [106.437203, 29.508534], [106.437184, 29.50809], [106.439995, 29.5082], [106.442292, 29.507691], [106.442196, 29.506919], [106.439176, 29.50724], [106.43955, 29.505412], [106.438605, 29.503991], [106.4389, 29.503535], [106.439968, 29.503368], [106.439925, 29.502878], [106.439129, 29.502693], [106.439086, 29.502436], [106.440898, 29.500551], [106.440515, 29.499848], [106.439009, 29.49922], [106.438713, 29.498236], [106.438945, 29.496736], [106.437763, 29.496764], [106.436764, 29.498107], [106.435324, 29.498132], [106.435275, 29.499247], [106.434413, 29.49924], [106.432951, 29.497801], [106.432043, 29.497465], [106.430827, 29.498091], [106.430742, 29.500183], [106.430265, 29.500681], [106.429421, 29.500909], [106.428986, 29.499974], [106.428436, 29.501153], [106.428519, 29.501741], [106.429153, 29.502508], [106.428795, 29.504025], [106.429098, 29.505355], [106.428597, 29.50616], [106.428612, 29.507596], [106.429929, 29.509454], [106.431061, 29.509292], [106.431385, 29.510523], [106.430663, 29.511351], [106.430949, 29.513381], [106.430605, 29.514196], [106.430101, 29.514494], [106.430223, 29.515408], [106.429391, 29.517514], [106.430208, 29.517757], [106.434518, 29.517092], [106.436337, 29.518949], [106.433801, 29.518016], [106.432227, 29.518869], [106.431681, 29.520428], [106.432336, 29.521211], [106.43182, 29.521805], [106.432091, 29.52339], [106.431501, 29.523835], [106.431543, 29.524578], [106.432078, 29.525304], [106.431925, 29.526243], [106.431253, 29.526641], [106.432771, 29.527008], [106.431302, 29.527528], [106.429848, 29.527294], [106.429011, 29.526658], [106.429057, 29.525964], [106.428049, 29.52549], [106.427385, 29.525582], [106.426611, 29.52688], [106.429036, 29.528486], [106.430927, 29.527676], [106.432095, 29.530944], [106.431781, 29.534767], [106.432297, 29.535056], [106.432478, 29.536359], [106.433916, 29.536292]]], [[[106.448388, 29.547465], [106.448421, 29.547065], [106.447529, 29.546256], [106.447181, 29.545143], [106.447442, 29.544479], [106.445821, 29.544113], [106.44455, 29.542917], [106.444843, 29.542625], [106.444527, 29.541829], [106.444648, 29.540463], [106.444982, 29.54007], [106.445228, 29.540352], [106.445903, 29.540133], [106.446364, 29.540932], [106.44757, 29.540781], [106.448371, 29.540014], [106.448986, 29.539876], [106.451299, 29.540226], [106.451437, 29.540466], [106.453014, 29.540411], [106.453335, 29.540149], [106.452452, 29.536401], [106.451835, 29.536028], [106.449529, 29.536356], [106.446683, 29.534432], [106.446884, 29.533942], [106.445732, 29.534645], [106.445339, 29.534457], [106.444935, 29.533835], [106.444036, 29.533523], [106.44404, 29.533196], [106.4446, 29.533066], [106.443954, 29.532019], [106.443474, 29.53185], [106.443449, 29.530239], [106.441758, 29.530283], [106.441462, 29.530533], [106.442172, 29.531342], [106.443432, 29.5321], [106.442728, 29.534207], [106.44197, 29.534848], [106.441466, 29.536253], [106.442092, 29.537275], [106.442595, 29.539948], [106.443372, 29.540298], [106.443312, 29.541315], [106.444009, 29.543402], [106.443782, 29.544761], [106.444505, 29.54465], [106.444943, 29.545004], [106.445274, 29.546096], [106.445141, 29.546741], [106.445743, 29.546471], [106.445635, 29.547444], [106.448388, 29.547465]]]]}}, {"type": "Feature", "properties": {"code": "500106012", "name": "天星桥街道", "parentCode": "500106", "center": "106.44803,29.55067"}, "geometry": {"type": "MultiPolygon", "coordinates": [[[[106.433267, 29.54913], [106.433524, 29.548295], [106.433411, 29.546488], [106.43303, 29.547035], [106.432367, 29.547131], [106.432069, 29.549173], [106.433081, 29.549671], [106.433267, 29.54913]]], [[[106.445091, 29.558355], [106.445915, 29.557903], [106.446388, 29.558315], [106.447353, 29.557997], [106.447394, 29.55718], [106.449035, 29.556876], [106.45758, 29.55642], [106.458408, 29.555778], [106.458602, 29.5549], [106.459583, 29.55409], [106.459388, 29.553065], [106.458947, 29.552832], [106.460131, 29.551188], [106.459895, 29.550823], [106.460443, 29.550032], [106.460168, 29.549258], [106.460336, 29.548769], [106.459686, 29.548283], [106.459898, 29.548094], [106.459428, 29.546557], [106.459548, 29.545865], [106.458738, 29.545477], [106.458333, 29.546609], [106.456568, 29.546696], [106.456355, 29.547341], [106.453682, 29.546927], [106.453502, 29.547684], [106.453128, 29.547482], [106.452648, 29.547904], [106.452056, 29.547687], [106.451335, 29.54823], [106.450335, 29.546881], [106.448394, 29.545377], [106.448799, 29.545434], [106.449295, 29.545017], [106.452422, 29.544851], [106.454308, 29.543847], [106.45379, 29.542927], [106.453354, 29.540324], [106.451437, 29.540466], [106.451299, 29.540226], [106.448833, 29.539881], [106.44757, 29.540781], [106.446364, 29.540932], [106.445903, 29.540133], [106.444719, 29.540307], [106.444527, 29.541829], [106.444843, 29.542625], [106.44455, 29.542917], [106.445821, 29.544113], [106.447442, 29.544479], [106.447181, 29.545143], [106.447606, 29.546422], [106.448483, 29.547189], [106.448249, 29.547517], [106.445635, 29.547444], [106.445743, 29.546471], [106.443635, 29.547159], [106.440077, 29.545208], [106.437716, 29.546114], [106.43864, 29.549109], [106.438731, 29.550928], [106.438285, 29.551566], [106.438371, 29.553095], [106.440217, 29.552756], [106.442071, 29.556207], [106.440798, 29.557028], [106.440374, 29.557827], [106.441157, 29.559599], [106.441841, 29.55992], [106.445091, 29.558355]]], [[[106.434854, 29.559334], [106.436487, 29.55946], [106.435289, 29.554827], [106.435525, 29.553518], [106.433625, 29.553765], [106.433811, 29.559303], [106.434539, 29.560433], [106.434854, 29.559334]]]]}}, {"type": "Feature", "properties": {"code": "500106013", "name": "土湾街道", "parentCode": "500106", "center": "106.47592,29.55746"}, "geometry": {"type": "MultiPolygon", "coordinates": [[[[106.477852, 29.562878], [106.479078, 29.561908], [106.482237, 29.556496], [106.483731, 29.555946], [106.485611, 29.555925], [106.488341, 29.557062], [106.490291, 29.557477], [106.490974, 29.555427], [106.487798, 29.554097], [106.480052, 29.552899], [106.479743, 29.552568], [106.477456, 29.55266], [106.476434, 29.552207], [106.474477, 29.55205], [106.475274, 29.55265], [106.476252, 29.552792], [106.477259, 29.553694], [106.475846, 29.553534], [106.475461, 29.553836], [106.475355, 29.553394], [106.474947, 29.553344], [106.474748, 29.553971], [106.473427, 29.554016], [106.471387, 29.552618], [106.470937, 29.552714], [106.469658, 29.553384], [106.46935, 29.554534], [106.468662, 29.554643], [106.468822, 29.554946], [106.467494, 29.555492], [106.467188, 29.556181], [106.46752, 29.557069], [106.466644, 29.557469], [106.466222, 29.558043], [106.46604, 29.556818], [106.465196, 29.556892], [106.465023, 29.557688], [106.465754, 29.557966], [106.465858, 29.559291], [106.46403, 29.558562], [106.463498, 29.559091], [106.463962, 29.559592], [106.467411, 29.560573], [106.468779, 29.560486], [106.46879, 29.561935], [106.468323, 29.56291], [106.469897, 29.562951], [106.473769, 29.561964], [106.474906, 29.562727], [106.474877, 29.563281], [106.476424, 29.564638], [106.477852, 29.562878]]]]}}, {"type": "Feature", "properties": {"code": "500106014", "name": "覃家岗街道", "parentCode": "500106", "center": "106.43940,29.53822"}, "geometry": {"type": "MultiPolygon", "coordinates": [[[[106.439951, 29.512474], [106.44177, 29.5124], [106.442377, 29.512975], [106.441868, 29.511282], [106.444569, 29.511221], [106.445228, 29.510253], [106.44466, 29.509834], [106.44497, 29.509302], [106.446163, 29.508838], [106.445507, 29.508561], [106.4444, 29.507356], [106.444559, 29.506646], [106.444183, 29.506122], [106.444661, 29.505536], [106.44462, 29.505119], [106.444382, 29.504842], [106.443655, 29.505069], [106.443357, 29.504826], [106.443619, 29.503515], [106.441436, 29.503799], [106.441021, 29.503377], [106.440898, 29.500551], [106.439086, 29.502436], [106.439129, 29.502693], [106.439925, 29.502878], [106.439968, 29.503368], [106.4389, 29.503535], [106.438605, 29.504081], [106.43921, 29.50458], [106.439156, 29.505142], [106.43955, 29.505412], [106.439176, 29.50724], [106.442196, 29.506919], [106.442219, 29.507905], [106.439595, 29.508219], [106.438623, 29.507957], [106.437184, 29.50809], [106.437203, 29.508534], [106.438685, 29.508841], [106.439315, 29.50848], [106.440126, 29.509003], [106.440106, 29.509279], [106.439237, 29.509431], [106.439046, 29.509804], [106.439494, 29.510669], [106.440009, 29.510843], [106.439465, 29.511486], [106.43957, 29.513092], [106.439951, 29.512474]]], [[[106.446534, 29.562173], [106.446779, 29.562019], [106.444462, 29.558699], [106.442556, 29.559648], [106.442224, 29.560552], [106.444115, 29.561962], [106.446534, 29.562173]]], [[[106.430552, 29.563685], [106.430992, 29.561878], [106.431318, 29.562145], [106.431518, 29.561783], [106.431872, 29.563128], [106.433558, 29.562015], [106.433287, 29.561709], [106.433462, 29.561368], [106.433667, 29.561503], [106.433811, 29.559303], [106.433625, 29.553765], [106.435525, 29.553518], [106.435289, 29.554827], [106.436487, 29.55946], [106.434854, 29.559334], [106.434539, 29.560433], [106.43541, 29.561035], [106.436615, 29.561361], [106.4387, 29.561067], [106.437927, 29.560218], [106.438531, 29.560042], [106.438174, 29.559459], [106.438551, 29.558677], [106.439088, 29.558608], [106.43911, 29.557822], [106.439956, 29.558032], [106.440051, 29.558541], [106.440783, 29.558563], [106.440374, 29.557827], [106.440631, 29.5572], [106.442101, 29.556324], [106.440217, 29.552756], [106.438371, 29.553095], [106.438285, 29.551566], [106.438731, 29.550928], [106.43864, 29.549109], [106.437716, 29.546114], [106.440077, 29.545208], [106.443635, 29.547159], [106.444672, 29.546994], [106.445282, 29.546389], [106.444874, 29.544912], [106.444505, 29.54465], [106.443782, 29.544761], [106.444009, 29.543402], [106.443312, 29.541315], [106.443372, 29.540298], [106.442595, 29.539948], [106.442092, 29.537275], [106.441484, 29.536619], [106.441482, 29.535893], [106.44197, 29.534848], [106.442728, 29.534207], [106.443432, 29.5321], [106.442172, 29.531342], [106.441462, 29.530533], [106.441758, 29.530283], [106.443449, 29.530239], [106.443474, 29.53185], [106.443954, 29.532019], [106.4446, 29.533066], [106.44404, 29.533196], [106.444036, 29.533523], [106.444935, 29.533835], [106.445339, 29.534457], [106.445732, 29.534645], [106.446884, 29.533942], [106.446683, 29.534432], [106.449529, 29.536356], [106.451835, 29.536028], [106.452452, 29.536401], [106.453335, 29.540149], [106.453014, 29.540411], [106.453354, 29.540324], [106.45379, 29.542927], [106.454308, 29.543847], [106.452422, 29.544851], [106.449295, 29.545017], [106.448799, 29.545434], [106.448386, 29.545349], [106.450335, 29.546881], [106.451335, 29.54823], [106.452056, 29.547687], [106.452648, 29.547904], [106.453128, 29.547482], [106.453502, 29.547684], [106.453682, 29.546927], [106.456355, 29.547341], [106.456568, 29.546696], [106.458333, 29.546609], [106.458738, 29.545477], [106.459548, 29.545865], [106.459428, 29.546557], [106.459898, 29.548094], [106.459686, 29.548283], [106.460336, 29.548769], [106.460168, 29.549258], [106.462769, 29.549046], [106.464241, 29.547645], [106.462055, 29.546062], [106.461969, 29.544526], [106.461331, 29.543559], [106.459249, 29.542765], [106.459523, 29.542226], [106.459229, 29.541301], [106.458135, 29.541418], [106.458138, 29.540947], [106.458486, 29.540785], [106.457834, 29.539142], [106.458037, 29.538201], [106.458812, 29.538218], [106.459289, 29.538978], [106.460183, 29.539303], [106.460431, 29.537971], [106.460179, 29.537354], [106.461, 29.537225], [106.460117, 29.536123], [106.459105, 29.536913], [106.458653, 29.53689], [106.457733, 29.536075], [106.458117, 29.53563], [106.458022, 29.534881], [106.457428, 29.534451], [106.457298, 29.533632], [106.456178, 29.534142], [106.456044, 29.533882], [106.457888, 29.532529], [106.457517, 29.530296], [106.457923, 29.529656], [106.456974, 29.529072], [106.457153, 29.529757], [106.456187, 29.530145], [106.455833, 29.528874], [106.454965, 29.529007], [106.453745, 29.528186], [106.452644, 29.528341], [106.45222, 29.527263], [106.451586, 29.527878], [106.452348, 29.525897], [106.45081, 29.524617], [106.451322, 29.523425], [106.450116, 29.522931], [106.449822, 29.521624], [106.449457, 29.521439], [106.447585, 29.522101], [106.447587, 29.519527], [106.44722, 29.519254], [106.446803, 29.517187], [106.445416, 29.518278], [106.442417, 29.518394], [106.442171, 29.519264], [106.441021, 29.518702], [106.44052, 29.519516], [106.441088, 29.519764], [106.439363, 29.521539], [106.441634, 29.525441], [106.44192, 29.526807], [106.44333, 29.526944], [106.443204, 29.527501], [106.443621, 29.528438], [106.443575, 29.528775], [106.441099, 29.52949], [106.441257, 29.530466], [106.440494, 29.530508], [106.439777, 29.533704], [106.437645, 29.533684], [106.436596, 29.534363], [106.43652, 29.533992], [106.435619, 29.534334], [106.435455, 29.532825], [106.43592, 29.528727], [106.434527, 29.528175], [106.434413, 29.527241], [106.433274, 29.526765], [106.43204, 29.527383], [106.431718, 29.528608], [106.432131, 29.528745], [106.432276, 29.529446], [106.432806, 29.529774], [106.432688, 29.530785], [106.434318, 29.531457], [106.432793, 29.532145], [106.434002, 29.533107], [106.434411, 29.533069], [106.434497, 29.534238], [106.436116, 29.535607], [106.435249, 29.536226], [106.432478, 29.536359], [106.432297, 29.535056], [106.431781, 29.534767], [106.432095, 29.530944], [106.430927, 29.527676], [106.429036, 29.528486], [106.426611, 29.52688], [106.427385, 29.525582], [106.428049, 29.52549], [106.429057, 29.525964], [106.429011, 29.526658], [106.429848, 29.527294], [106.431302, 29.527528], [106.432771, 29.527008], [106.431253, 29.526641], [106.431925, 29.526243], [106.432078, 29.525304], [106.431543, 29.524578], [106.431501, 29.523835], [106.432091, 29.52339], [106.43182, 29.521805], [106.432336, 29.521211], [106.431681, 29.520428], [106.432227, 29.518869], [106.433801, 29.518016], [106.436337, 29.518949], [106.434518, 29.517092], [106.429459, 29.517666], [106.429436, 29.516936], [106.430223, 29.515408], [106.430101, 29.514494], [106.430605, 29.514196], [106.430949, 29.513381], [106.430663, 29.511351], [106.431385, 29.510523], [106.431061, 29.509292], [106.429929, 29.509454], [106.428507, 29.50724], [106.428597, 29.50616], [106.429098, 29.505355], [106.428795, 29.504025], [106.429081, 29.503407], [106.428991, 29.50208], [106.42814, 29.501487], [106.426465, 29.501428], [106.425585, 29.502984], [106.424428, 29.503712], [106.42457, 29.505154], [106.424181, 29.505576], [106.424873, 29.505713], [106.425792, 29.506566], [106.426071, 29.508649], [106.426719, 29.509905], [106.425877, 29.511031], [106.426969, 29.511719], [106.427006, 29.512402], [106.426548, 29.512937], [106.423747, 29.511323], [106.423777, 29.509728], [106.423392, 29.509338], [106.423586, 29.510243], [106.423172, 29.510776], [106.423098, 29.511867], [106.420422, 29.512803], [106.421163, 29.513269], [106.421469, 29.512761], [106.422241, 29.512443], [106.423695, 29.513534], [106.423861, 29.512029], [106.424476, 29.512215], [106.4249, 29.512953], [106.42501, 29.514231], [106.424377, 29.51428], [106.423983, 29.513587], [106.424138, 29.514096], [106.423185, 29.516593], [106.423824, 29.51676], [106.424507, 29.515596], [106.425242, 29.515538], [106.425908, 29.51641], [106.425595, 29.517546], [106.426976, 29.518175], [106.427659, 29.518988], [106.42968, 29.518714], [106.42976, 29.51973], [106.430196, 29.519798], [106.430097, 29.522095], [106.429551, 29.523134], [106.429485, 29.524173], [106.428928, 29.52435], [106.427574, 29.523825], [106.427693, 29.523073], [106.426851, 29.522142], [106.426075, 29.522358], [106.426103, 29.522992], [106.425675, 29.523405], [106.425992, 29.523556], [106.425918, 29.524082], [106.426439, 29.524456], [106.426169, 29.524712], [106.426431, 29.527388], [106.426046, 29.529111], [106.426424, 29.529496], [106.426189, 29.529939], [106.426767, 29.530231], [106.426017, 29.530828], [106.426493, 29.53329], [106.426065, 29.534247], [106.426985, 29.534476], [106.427247, 29.535026], [106.426814, 29.53598], [106.427046, 29.53672], [106.426826, 29.537164], [106.427203, 29.538048], [106.42666, 29.538461], [106.427093, 29.538927], [106.426952, 29.541123], [106.427282, 29.542525], [106.426965, 29.543598], [106.426274, 29.543991], [106.425809, 29.544097], [106.424261, 29.543426], [106.424681, 29.54564], [106.424437, 29.545861], [106.425361, 29.546246], [106.42563, 29.547343], [106.426412, 29.548119], [106.426255, 29.548593], [106.427015, 29.548418], [106.427678, 29.548716], [106.427158, 29.550774], [106.42741, 29.552449], [106.42699, 29.55449], [106.427258, 29.554725], [106.427, 29.554958], [106.427294, 29.555141], [106.427179, 29.555899], [106.42788, 29.557031], [106.427372, 29.558117], [106.427412, 29.567516], [106.433722, 29.566583], [106.433751, 29.56429], [106.430552, 29.563685]], [[106.432069, 29.549173], [106.432367, 29.547131], [106.43303, 29.547035], [106.433411, 29.546488], [106.433524, 29.548295], [106.433081, 29.549671], [106.432069, 29.549173]]], [[[106.444292, 29.578615], [106.4444, 29.577312], [106.445061, 29.576159], [106.44622, 29.576469], [106.447418, 29.575005], [106.448059, 29.574726], [106.44861, 29.575321], [106.45025, 29.575975], [106.451756, 29.577714], [106.452075, 29.576157], [106.452996, 29.576052], [106.452618, 29.57598], [106.45265, 29.575475], [106.454133, 29.574249], [106.452241, 29.57082], [106.451106, 29.572689], [106.450398, 29.572861], [106.450102, 29.572631], [106.450528, 29.571873], [106.450139, 29.571843], [106.44935, 29.569924], [106.448309, 29.57038], [106.447361, 29.56878], [106.446272, 29.570161], [106.445562, 29.570561], [106.446221, 29.571773], [106.444822, 29.572382], [106.443642, 29.570546], [106.441915, 29.570473], [106.441948, 29.5718], [106.441323, 29.571902], [106.441489, 29.573618], [106.44055, 29.573843], [106.44017, 29.573119], [106.440197, 29.574101], [106.442441, 29.573962], [106.441801, 29.572468], [106.444329, 29.571942], [106.4454, 29.573651], [106.443682, 29.574489], [106.443666, 29.57645], [106.442903, 29.576851], [106.44336, 29.577988], [106.444292, 29.578615]]]]}}, {"type": "Feature", "properties": {"code": "500106015", "name": "陈家桥街道", "parentCode": "500106", "center": "106.33298,29.61600"}, "geometry": {"type": "MultiPolygon", "coordinates": [[[[106.315634, 29.631699], [106.317629, 29.631256], [106.328477, 29.626168], [106.329649, 29.626039], [106.337218, 29.626916], [106.3422, 29.626839], [106.342371, 29.623801], [106.34372, 29.623293], [106.345087, 29.622262], [106.346369, 29.622137], [106.348131, 29.621219], [106.349102, 29.621086], [106.34999, 29.621463], [106.350476, 29.620712], [106.350251, 29.617108], [106.361203, 29.617119], [106.361243, 29.609118], [106.35799, 29.609088], [106.357982, 29.606465], [106.356912, 29.605249], [106.356355, 29.603727], [106.356497, 29.603378], [106.357584, 29.602942], [106.357842, 29.601982], [106.345709, 29.601907], [106.333484, 29.601334], [106.333238, 29.602331], [106.332191, 29.602961], [106.331523, 29.603805], [106.332322, 29.605825], [106.326909, 29.605694], [106.32699, 29.60994], [106.312771, 29.610005], [106.312717, 29.616719], [106.306978, 29.616683], [106.306597, 29.619717], [106.307239, 29.626962], [106.305728, 29.627], [106.306742, 29.631693], [106.315634, 29.631699]]]]}}, {"type": "Feature", "properties": {"code": "500106018", "name": "联芳街道", "parentCode": "500106", "center": "106.47010,29.54417"}, "geometry": {"type": "MultiPolygon", "coordinates": [[[[106.474748, 29.553971], [106.474947, 29.553344], [106.475355, 29.553394], [106.475461, 29.553836], [106.475846, 29.553534], [106.477259, 29.553694], [106.476252, 29.552792], [106.475274, 29.55265], [106.474477, 29.55205], [106.478098, 29.552671], [106.478428, 29.552492], [106.478348, 29.551294], [106.479307, 29.55095], [106.478423, 29.550543], [106.477422, 29.550897], [106.47594, 29.550085], [106.477179, 29.549249], [106.477816, 29.547325], [106.479123, 29.546662], [106.47858, 29.545577], [106.479424, 29.54477], [106.479837, 29.543372], [106.479823, 29.543035], [106.479317, 29.54298], [106.479188, 29.542291], [106.479642, 29.54155], [106.479655, 29.540528], [106.475894, 29.540023], [106.475374, 29.539723], [106.475452, 29.538795], [106.473583, 29.538624], [106.473447, 29.537818], [106.474168, 29.53707], [106.473182, 29.53516], [106.472803, 29.534939], [106.47219, 29.535546], [106.470887, 29.534709], [106.468926, 29.537234], [106.467229, 29.538256], [106.466399, 29.53769], [106.465006, 29.538023], [106.464233, 29.537511], [106.463111, 29.537459], [106.46253, 29.537084], [106.462659, 29.537718], [106.462317, 29.53787], [106.461254, 29.536505], [106.461111, 29.537199], [106.460179, 29.537354], [106.460431, 29.537971], [106.460278, 29.539257], [106.459289, 29.538978], [106.458812, 29.538218], [106.458037, 29.538201], [106.457834, 29.539142], [106.458486, 29.540785], [106.458138, 29.540947], [106.458135, 29.541418], [106.459229, 29.541301], [106.459523, 29.542226], [106.45922, 29.542719], [106.461331, 29.543559], [106.461969, 29.544526], [106.462055, 29.546062], [106.463505, 29.547309], [106.465116, 29.54818], [106.465901, 29.549283], [106.466467, 29.549288], [106.466996, 29.550026], [106.467464, 29.552457], [106.467881, 29.552627], [106.467826, 29.553365], [106.469584, 29.552992], [106.46853, 29.551353], [106.468863, 29.550898], [106.470272, 29.551466], [106.469658, 29.553384], [106.471387, 29.552618], [106.473427, 29.554016], [106.474748, 29.553971]], [[106.465144, 29.545396], [106.465328, 29.546363], [106.465868, 29.546719], [106.46635, 29.547829], [106.464275, 29.546548], [106.463164, 29.545447], [106.46392, 29.545103], [106.465144, 29.545396]]]]}}, {"type": "Feature", "properties": {"code": "500106019", "name": "丰文街道", "parentCode": "500106", "center": "106.31723,29.63827"}, "geometry": {"type": "MultiPolygon", "coordinates": [[[[106.291433, 29.634217], [106.289396, 29.636235], [106.288148, 29.636552], [106.287784, 29.637336], [106.284536, 29.638332], [106.285409, 29.639379], [106.285718, 29.640709], [106.28317, 29.641799], [106.280329, 29.645421], [106.279544, 29.645729], [106.276573, 29.645579], [106.27611, 29.646954], [106.276505, 29.649058], [106.275903, 29.649176], [106.276732, 29.64933], [106.277059, 29.650112], [106.277802, 29.649328], [106.278517, 29.649459], [106.279049, 29.651049], [106.279453, 29.650803], [106.280671, 29.652028], [106.282518, 29.652034], [106.28407, 29.650784], [106.285167, 29.650724], [106.285992, 29.651404], [106.286272, 29.65235], [106.28804, 29.653063], [106.292767, 29.654021], [106.291242, 29.652973], [106.29156, 29.651472], [106.292121, 29.651292], [106.291962, 29.65055], [106.294586, 29.650848], [106.296419, 29.649868], [106.297107, 29.650414], [106.297017, 29.649628], [106.299326, 29.648613], [106.298473, 29.647625], [106.300215, 29.646898], [106.300451, 29.647203], [106.301976, 29.647119], [106.302258, 29.646632], [106.302378, 29.647074], [106.302926, 29.647382], [106.303308, 29.647019], [106.303755, 29.647112], [106.303245, 29.646034], [106.30263, 29.646088], [106.301618, 29.645196], [106.302236, 29.645025], [106.301679, 29.644421], [106.301871, 29.643976], [106.302353, 29.643689], [106.302476, 29.644046], [106.302911, 29.644083], [106.303566, 29.643487], [106.304103, 29.644194], [106.30386, 29.643083], [106.305731, 29.642437], [106.306447, 29.642543], [106.307681, 29.643815], [106.307725, 29.643535], [106.308615, 29.643213], [106.30866, 29.64271], [106.308414, 29.642294], [106.308333, 29.643024], [106.307782, 29.643061], [106.307755, 29.642182], [106.308397, 29.642186], [106.308362, 29.64132], [106.309081, 29.641114], [106.309134, 29.64025], [106.309949, 29.639134], [106.311194, 29.639774], [106.311648, 29.639592], [106.312629, 29.640037], [106.312989, 29.6396], [106.318238, 29.63968], [106.318135, 29.640594], [106.317533, 29.641221], [106.318371, 29.641459], [106.319355, 29.643251], [106.318724, 29.643907], [106.318892, 29.644845], [106.3193, 29.644681], [106.319601, 29.64502], [106.32007, 29.644954], [106.320068, 29.644533], [106.320294, 29.644806], [106.320534, 29.644362], [106.320978, 29.646068], [106.321318, 29.645787], [106.321643, 29.646175], [106.322838, 29.645774], [106.323511, 29.645893], [106.323742, 29.646249], [106.324424, 29.64617], [106.324611, 29.646665], [106.323863, 29.64771], [106.324587, 29.64741], [106.324839, 29.647997], [106.325216, 29.64796], [106.32549, 29.647312], [106.327292, 29.647238], [106.32743, 29.646769], [106.328466, 29.647613], [106.329481, 29.64795], [106.329974, 29.647604], [106.33024, 29.647953], [106.331136, 29.648137], [106.331456, 29.648635], [106.331912, 29.648408], [106.333606, 29.649399], [106.33395, 29.649352], [106.334266, 29.64873], [106.335375, 29.64832], [106.335573, 29.64893], [106.335215, 29.649512], [106.335898, 29.649515], [106.337472, 29.650987], [106.336884, 29.651771], [106.33957, 29.652293], [106.339816, 29.651821], [106.33837, 29.650634], [106.338424, 29.649818], [106.339117, 29.649668], [106.339108, 29.649158], [106.340229, 29.649429], [106.341023, 29.647919], [106.341014, 29.647029], [106.340438, 29.646404], [106.339452, 29.646921], [106.339162, 29.645911], [106.337996, 29.645586], [106.33801, 29.64489], [106.337103, 29.644344], [106.337379, 29.64357], [106.338644, 29.642704], [106.337333, 29.6422], [106.337364, 29.641461], [106.336753, 29.640966], [106.336852, 29.640673], [106.337184, 29.640172], [106.33766, 29.640112], [106.337807, 29.639558], [106.338756, 29.639495], [106.338366, 29.641018], [106.339186, 29.641271], [106.33978, 29.640854], [106.340268, 29.640953], [106.340424, 29.641365], [106.340798, 29.640794], [106.341703, 29.640789], [106.342088, 29.640104], [106.342531, 29.640074], [106.342189, 29.641043], [106.342358, 29.641875], [106.343997, 29.641879], [106.344678, 29.641483], [106.344832, 29.642122], [106.344278, 29.64273], [106.344305, 29.643224], [106.344524, 29.643278], [106.344383, 29.642794], [106.344956, 29.642099], [106.344547, 29.642907], [106.345155, 29.643035], [106.344965, 29.642743], [106.345711, 29.64209], [106.345675, 29.641336], [106.345965, 29.641244], [106.345478, 29.640472], [106.346339, 29.640624], [106.345621, 29.639928], [106.346022, 29.639793], [106.346362, 29.640186], [106.346508, 29.639877], [106.345083, 29.639352], [106.343996, 29.639335], [106.344377, 29.639988], [106.343878, 29.640859], [106.344093, 29.640023], [106.343411, 29.639289], [106.34364, 29.639012], [106.34459, 29.639193], [106.34504, 29.638866], [106.344969, 29.638351], [106.346362, 29.638049], [106.347339, 29.637435], [106.346563, 29.636618], [106.346694, 29.636207], [106.348901, 29.63622], [106.34969, 29.634301], [106.349188, 29.632724], [106.349871, 29.629679], [106.34952, 29.628406], [106.348655, 29.627555], [106.350575, 29.624282], [106.352999, 29.62491], [106.35337, 29.624264], [106.353285, 29.623598], [106.352904, 29.622884], [106.349502, 29.621219], [106.348655, 29.621086], [106.346369, 29.622137], [106.345087, 29.622262], [106.34372, 29.623293], [106.342371, 29.623801], [106.3422, 29.626839], [106.337218, 29.626916], [106.329649, 29.626039], [106.328477, 29.626168], [106.317629, 29.631256], [106.316261, 29.631585], [106.298508, 29.631603], [106.296481, 29.631866], [106.296936, 29.633659], [106.295878, 29.633829], [106.295704, 29.63357], [106.295572, 29.634002], [106.295926, 29.634349], [106.295564, 29.634656], [106.294193, 29.634321], [106.29384, 29.633948], [106.292533, 29.63429], [106.291938, 29.634143], [106.291762, 29.634623], [106.291433, 29.634217]]]]}}, {"type": "Feature", "properties": {"code": "500106021", "name": "土主街道", "parentCode": "500106", "center": "106.36926,29.64269"}, "geometry": {"type": "MultiPolygon", "coordinates": [[[[106.372778, 29.606752], [106.364795, 29.606066], [106.357511, 29.606094], [106.357982, 29.606465], [106.35799, 29.609088], [106.361243, 29.609118], [106.361203, 29.617119], [106.350251, 29.617108], [106.350476, 29.620712], [106.34999, 29.621463], [106.35318, 29.623112], [106.35337, 29.624264], [106.352999, 29.62491], [106.350575, 29.624282], [106.348874, 29.626945], [106.348655, 29.627555], [106.34952, 29.628406], [106.349871, 29.629679], [106.349188, 29.632724], [106.34969, 29.634301], [106.348901, 29.63622], [106.346694, 29.636207], [106.346563, 29.636618], [106.347339, 29.637435], [106.346362, 29.638049], [106.344969, 29.638351], [106.34504, 29.638866], [106.34459, 29.639193], [106.34364, 29.639012], [106.343411, 29.639289], [106.344093, 29.640023], [106.343878, 29.640859], [106.344377, 29.639988], [106.343996, 29.639335], [106.346485, 29.639838], [106.346362, 29.640186], [106.346022, 29.639793], [106.345621, 29.639928], [106.346339, 29.640624], [106.345478, 29.640472], [106.345967, 29.641201], [106.345675, 29.641336], [106.345711, 29.64209], [106.345159, 29.642388], [106.345125, 29.643044], [106.344547, 29.642907], [106.344899, 29.64213], [106.344335, 29.643282], [106.344772, 29.641547], [106.342613, 29.642055], [106.34219, 29.641125], [106.342577, 29.640245], [106.342401, 29.640041], [106.341782, 29.640754], [106.340798, 29.640794], [106.340424, 29.641365], [106.340268, 29.640953], [106.33978, 29.640854], [106.339186, 29.641271], [106.338366, 29.641018], [106.338756, 29.639495], [106.337807, 29.639558], [106.33766, 29.640112], [106.337184, 29.640172], [106.336852, 29.640673], [106.336753, 29.640966], [106.337364, 29.641461], [106.337333, 29.6422], [106.338644, 29.642704], [106.337379, 29.64357], [106.337103, 29.644344], [106.33801, 29.64489], [106.337996, 29.645586], [106.339162, 29.645911], [106.339452, 29.646921], [106.340438, 29.646404], [106.341014, 29.647029], [106.341023, 29.647919], [106.340229, 29.649429], [106.339108, 29.649158], [106.339117, 29.649668], [106.338424, 29.649818], [106.33837, 29.650634], [106.339023, 29.651395], [106.339574, 29.651385], [106.339729, 29.652208], [106.338555, 29.652226], [106.337415, 29.651813], [106.337341, 29.652831], [106.336543, 29.65309], [106.336698, 29.654108], [106.337092, 29.65435], [106.337305, 29.653961], [106.339406, 29.654033], [106.339171, 29.654589], [106.339505, 29.655433], [106.339151, 29.655901], [106.341054, 29.656526], [106.341228, 29.657987], [106.339311, 29.658774], [106.339221, 29.659877], [106.34028, 29.660345], [106.343249, 29.660365], [106.346549, 29.658814], [106.348938, 29.659947], [106.348539, 29.66143], [106.348999, 29.663819], [106.346335, 29.662454], [106.34602, 29.665272], [106.343617, 29.668279], [106.341257, 29.670444], [106.341422, 29.672417], [106.341871, 29.673164], [106.342855, 29.673472], [106.348366, 29.670966], [106.349423, 29.670799], [106.350705, 29.673677], [106.352814, 29.675823], [106.352948, 29.676666], [106.352601, 29.677309], [106.353696, 29.677526], [106.355715, 29.675124], [106.356233, 29.675295], [106.356303, 29.674562], [106.356988, 29.674753], [106.357723, 29.673941], [106.358408, 29.673843], [106.358348, 29.673025], [106.357542, 29.671905], [106.357803, 29.671287], [106.357677, 29.670524], [106.358897, 29.669725], [106.359797, 29.668289], [106.359782, 29.667677], [106.3611, 29.6669], [106.361208, 29.665983], [106.361882, 29.665951], [106.361998, 29.665527], [106.362326, 29.665811], [106.362485, 29.665271], [106.362205, 29.665074], [106.362514, 29.664339], [106.36212, 29.66383], [106.362119, 29.663183], [106.363456, 29.662794], [106.364114, 29.663192], [106.365202, 29.663271], [106.365477, 29.662698], [106.366805, 29.663195], [106.367377, 29.662543], [106.367137, 29.661453], [106.366461, 29.661085], [106.367386, 29.660473], [106.366863, 29.660437], [106.366272, 29.659712], [106.366408, 29.659065], [106.365965, 29.658058], [106.366449, 29.657313], [106.367297, 29.658483], [106.367815, 29.658238], [106.367489, 29.657659], [106.367864, 29.656069], [106.369336, 29.6565], [106.369391, 29.656888], [106.369763, 29.656942], [106.369279, 29.657346], [106.369628, 29.657557], [106.369492, 29.658068], [106.370187, 29.658207], [106.370688, 29.658802], [106.370474, 29.659226], [106.370947, 29.660174], [106.372439, 29.659661], [106.373128, 29.660468], [106.373994, 29.66023], [106.37416, 29.660858], [106.377082, 29.660854], [106.376685, 29.663085], [106.378031, 29.663635], [106.379111, 29.663552], [106.379091, 29.665466], [106.37728, 29.665818], [106.377099, 29.666389], [106.377602, 29.667491], [106.378038, 29.667351], [106.378319, 29.667812], [106.379201, 29.667879], [106.379629, 29.669317], [106.380305, 29.669367], [106.380124, 29.670686], [106.38094, 29.670603], [106.380953, 29.670173], [106.381364, 29.670175], [106.381295, 29.670624], [106.381695, 29.670975], [106.381947, 29.670241], [106.382562, 29.670532], [106.382616, 29.670177], [106.38315, 29.670706], [106.382773, 29.671179], [106.383325, 29.671041], [106.383872, 29.671475], [106.383602, 29.671142], [106.384109, 29.670926], [106.384479, 29.67131], [106.384359, 29.67164], [106.384727, 29.671528], [106.384237, 29.671761], [106.384673, 29.673227], [106.385653, 29.672358], [106.386806, 29.672893], [106.388778, 29.674668], [106.388843, 29.675964], [106.390204, 29.675803], [106.390519, 29.676024], [106.391314, 29.675437], [106.395282, 29.676208], [106.397379, 29.675978], [106.396284, 29.670336], [106.394879, 29.666439], [106.394559, 29.662103], [106.395283, 29.660251], [106.393622, 29.654714], [106.392219, 29.653643], [106.392481, 29.65299], [106.392838, 29.652823], [106.393306, 29.653122], [106.394313, 29.651845], [106.393882, 29.650933], [106.3942, 29.648665], [106.393807, 29.646929], [106.394627, 29.645618], [106.394613, 29.644894], [106.396766, 29.644895], [106.396806, 29.644504], [106.396725, 29.644236], [106.3956, 29.644513], [106.395699, 29.643712], [106.39455, 29.642555], [106.394851, 29.642129], [106.3943, 29.642099], [106.393737, 29.64147], [106.394042, 29.64084], [106.393979, 29.639653], [106.393716, 29.640791], [106.393207, 29.641096], [106.393068, 29.642139], [106.392534, 29.641608], [106.392507, 29.640578], [106.391829, 29.639848], [106.391748, 29.639225], [106.393134, 29.637546], [106.391775, 29.63551], [106.393357, 29.634125], [106.393558, 29.624515], [106.396271, 29.624127], [106.395497, 29.623476], [106.395277, 29.62255], [106.394713, 29.622657], [106.394371, 29.622377], [106.394829, 29.621818], [106.394668, 29.620823], [106.394192, 29.620635], [106.393983, 29.61985], [106.393435, 29.619525], [106.393122, 29.618452], [106.394078, 29.618232], [106.394814, 29.617528], [106.39579, 29.618035], [106.3954, 29.617618], [106.395982, 29.617597], [106.396284, 29.617185], [106.395597, 29.616561], [106.394148, 29.616453], [106.394446, 29.616984], [106.394113, 29.617192], [106.394233, 29.617645], [106.393221, 29.617355], [106.393539, 29.61789], [106.393009, 29.618097], [106.393061, 29.617382], [106.392718, 29.617609], [106.392455, 29.617267], [106.393075, 29.616772], [106.391801, 29.617018], [106.39055, 29.616453], [106.389986, 29.616523], [106.387825, 29.615021], [106.386689, 29.615323], [106.387011, 29.614362], [106.386816, 29.614078], [106.384641, 29.614155], [106.384197, 29.61958], [106.383446, 29.622402], [106.381995, 29.621519], [106.381195, 29.620424], [106.380901, 29.615986], [106.378935, 29.617102], [106.374714, 29.615363], [106.374589, 29.614423], [106.375921, 29.612673], [106.376478, 29.611147], [106.37656, 29.609387], [106.376106, 29.609259], [106.375245, 29.609632], [106.374808, 29.610457], [106.37261, 29.610399], [106.373169, 29.609781], [106.371325, 29.608695], [106.371709, 29.607959], [106.372293, 29.607979], [106.372818, 29.607366], [106.372778, 29.606752]]]]}}, {"type": "Feature", "properties": {"code": "500106104", "name": "青木关镇", "parentCode": "500106", "center": "106.30481,29.67339"}, "geometry": {"type": "MultiPolygon", "coordinates": [[[[106.299984, 29.723556], [106.301521, 29.72276], [106.304113, 29.720585], [106.304856, 29.718567], [106.306187, 29.718035], [106.306418, 29.716999], [106.3059, 29.714727], [106.306651, 29.713433], [106.306462, 29.713031], [106.307254, 29.712495], [106.306136, 29.70912], [106.304667, 29.706713], [106.304743, 29.705471], [106.305186, 29.704579], [106.304096, 29.702697], [106.304349, 29.701807], [106.30409, 29.700979], [106.303004, 29.699901], [106.302573, 29.697519], [106.302574, 29.69388], [106.301937, 29.69399], [106.30133, 29.692702], [106.300671, 29.689525], [106.301665, 29.68945], [106.304847, 29.688329], [106.305733, 29.687829], [106.305995, 29.687157], [106.306863, 29.68728], [106.307344, 29.686254], [106.308034, 29.686096], [106.308135, 29.684729], [106.309444, 29.68407], [106.311013, 29.684983], [106.310997, 29.683995], [106.311632, 29.683665], [106.313259, 29.683687], [106.313804, 29.685039], [106.315389, 29.685107], [106.315673, 29.685521], [106.318738, 29.685228], [106.319156, 29.685607], [106.31966, 29.685168], [106.320336, 29.685151], [106.320725, 29.684671], [106.320536, 29.683544], [106.320071, 29.68317], [106.3203, 29.682905], [106.317867, 29.681742], [106.317188, 29.680886], [106.317903, 29.680537], [106.317582, 29.679879], [106.318096, 29.679206], [106.317933, 29.67888], [106.318349, 29.678142], [106.318383, 29.677129], [106.319019, 29.67707], [106.319379, 29.676297], [106.319577, 29.676171], [106.32001, 29.676685], [106.320988, 29.676565], [106.321011, 29.678443], [106.321413, 29.678801], [106.322062, 29.678407], [106.321686, 29.677548], [106.322106, 29.676858], [106.325225, 29.676494], [106.3259, 29.675715], [106.330156, 29.673827], [106.331548, 29.674447], [106.332932, 29.674458], [106.335062, 29.673832], [106.336409, 29.673027], [106.337289, 29.674388], [106.338743, 29.674089], [106.341422, 29.672417], [106.341257, 29.670444], [106.343617, 29.668279], [106.34602, 29.665272], [106.346335, 29.662454], [106.347121, 29.662664], [106.348767, 29.663881], [106.349033, 29.663736], [106.348539, 29.66143], [106.348938, 29.659947], [106.348512, 29.659547], [106.346414, 29.658813], [106.344209, 29.660134], [106.343249, 29.660365], [106.34028, 29.660345], [106.339221, 29.659877], [106.339311, 29.658774], [106.341228, 29.657987], [106.341054, 29.656526], [106.339151, 29.655901], [106.339505, 29.655433], [106.339171, 29.654589], [106.339406, 29.654033], [106.337305, 29.653961], [106.337092, 29.65435], [106.336698, 29.654108], [106.336543, 29.65309], [106.337341, 29.652831], [106.337415, 29.651813], [106.336884, 29.651744], [106.337472, 29.650987], [106.335898, 29.649515], [106.335215, 29.649512], [106.335573, 29.64893], [106.335375, 29.64832], [106.334266, 29.64873], [106.33395, 29.649352], [106.333606, 29.649399], [106.331912, 29.648408], [106.331456, 29.648635], [106.331136, 29.648137], [106.33024, 29.647953], [106.329974, 29.647604], [106.329481, 29.64795], [106.328466, 29.647613], [106.32743, 29.646769], [106.327292, 29.647238], [106.325385, 29.647346], [106.325156, 29.647997], [106.324585, 29.647805], [106.324587, 29.64741], [106.323917, 29.647786], [106.324611, 29.646665], [106.324424, 29.64617], [106.323742, 29.646249], [106.323511, 29.645893], [106.322838, 29.645774], [106.321643, 29.646175], [106.321318, 29.645787], [106.320978, 29.646068], [106.320534, 29.644362], [106.320294, 29.644806], [106.320068, 29.644533], [106.32007, 29.644954], [106.318872, 29.644826], [106.318724, 29.643907], [106.319355, 29.643251], [106.318371, 29.641459], [106.317533, 29.641221], [106.318135, 29.640594], [106.318238, 29.63968], [106.312989, 29.6396], [106.312629, 29.640037], [106.311648, 29.639592], [106.311194, 29.639774], [106.309949, 29.639134], [106.309134, 29.64025], [106.309081, 29.641114], [106.308362, 29.64132], [106.308397, 29.642186], [106.307755, 29.642182], [106.307782, 29.643061], [106.308333, 29.643024], [106.308414, 29.642294], [106.30866, 29.64271], [106.308615, 29.643213], [106.307725, 29.643535], [106.307681, 29.643815], [106.306447, 29.642543], [106.305731, 29.642437], [106.30386, 29.643083], [106.304103, 29.644194], [106.303566, 29.643487], [106.302911, 29.644083], [106.302476, 29.644046], [106.302353, 29.643689], [106.301871, 29.643976], [106.301679, 29.644421], [106.302236, 29.645025], [106.301618, 29.645196], [106.30263, 29.646088], [106.303245, 29.646034], [106.303755, 29.647112], [106.303308, 29.647019], [106.302926, 29.647382], [106.302378, 29.647074], [106.302258, 29.646632], [106.301976, 29.647119], [106.300451, 29.647203], [106.300215, 29.646898], [106.298473, 29.647625], [106.299326, 29.648613], [106.297017, 29.649628], [106.297107, 29.650414], [106.296419, 29.649868], [106.294586, 29.650848], [106.291962, 29.65055], [106.292121, 29.651292], [106.29156, 29.651472], [106.291242, 29.652973], [106.292767, 29.654021], [106.28804, 29.653063], [106.286272, 29.65235], [106.285992, 29.651404], [106.285167, 29.650724], [106.28407, 29.650784], [106.282518, 29.652034], [106.280671, 29.652028], [106.279453, 29.650803], [106.279049, 29.651049], [106.278517, 29.649459], [106.277802, 29.649328], [106.277233, 29.650122], [106.276732, 29.64933], [106.27513, 29.649283], [106.275245, 29.650637], [106.276321, 29.650672], [106.276758, 29.651654], [106.275357, 29.651517], [106.275062, 29.651861], [106.275772, 29.653398], [106.277184, 29.65911], [106.277924, 29.659474], [106.279567, 29.658839], [106.280689, 29.658943], [106.281007, 29.661296], [106.281722, 29.662064], [106.281784, 29.66296], [106.282642, 29.663491], [106.284206, 29.665768], [106.283404, 29.668506], [106.282301, 29.66959], [106.2808, 29.670377], [106.280721, 29.672225], [106.281503, 29.674296], [106.280815, 29.675797], [106.280534, 29.679296], [106.278811, 29.679107], [106.27639, 29.677483], [106.275414, 29.678592], [106.276403, 29.67946], [106.27653, 29.680032], [106.273702, 29.681599], [106.273851, 29.68217], [106.273503, 29.683163], [106.273954, 29.683762], [106.274566, 29.683534], [106.275337, 29.682379], [106.275832, 29.682366], [106.275607, 29.68329], [106.275752, 29.686307], [106.274709, 29.686673], [106.274509, 29.687109], [106.274968, 29.688618], [106.274516, 29.690772], [106.275735, 29.69248], [106.27601, 29.694358], [106.274278, 29.695405], [106.274946, 29.69603], [106.276023, 29.696339], [106.276037, 29.697509], [106.276817, 29.698295], [106.27654, 29.701438], [106.277086, 29.704492], [106.276643, 29.705733], [106.278019, 29.705515], [106.27837, 29.705017], [106.278206, 29.701544], [106.278597, 29.701602], [106.278849, 29.702589], [106.279096, 29.702627], [106.280038, 29.702233], [106.280078, 29.701118], [106.283691, 29.700222], [106.283882, 29.701111], [106.283284, 29.703336], [106.28443, 29.704821], [106.284683, 29.706677], [106.286173, 29.708226], [106.287036, 29.707861], [106.286487, 29.706521], [106.287335, 29.706489], [106.287825, 29.705983], [106.290007, 29.706611], [106.293144, 29.706922], [106.293565, 29.708138], [106.293656, 29.711242], [106.294213, 29.712236], [106.29433, 29.713432], [106.29536, 29.71475], [106.29539, 29.715809], [106.294761, 29.716972], [106.294725, 29.717959], [106.295722, 29.719012], [106.296073, 29.719955], [106.297688, 29.721125], [106.298055, 29.721911], [106.299724, 29.723027], [106.299774, 29.723347], [106.299365, 29.723493], [106.299984, 29.723556]]]]}}, {"type": "Feature", "properties": {"code": "500106105", "name": "凤凰镇", "parentCode": "500106", "center": "106.32958,29.70848"}, "geometry": {"type": "MultiPolygon", "coordinates": [[[[106.307685, 29.741552], [106.309293, 29.741572], [106.311133, 29.740753], [106.31179, 29.741382], [106.312172, 29.740367], [106.312807, 29.741134], [106.314584, 29.74085], [106.314668, 29.73997], [106.313746, 29.736074], [106.316563, 29.734925], [106.31667, 29.733455], [106.317295, 29.733301], [106.317662, 29.732727], [106.318707, 29.732914], [106.319173, 29.731765], [106.320346, 29.733252], [106.320946, 29.733368], [106.32132, 29.73315], [106.321568, 29.731654], [106.324766, 29.731478], [106.325923, 29.733839], [106.326387, 29.735614], [106.327453, 29.736263], [106.329282, 29.736022], [106.330463, 29.737609], [106.33006, 29.738136], [106.330421, 29.738556], [106.33154, 29.738272], [106.331543, 29.736742], [106.331999, 29.736707], [106.332925, 29.737598], [106.333312, 29.736551], [106.33589, 29.736133], [106.337005, 29.736365], [106.337583, 29.737206], [106.337996, 29.737322], [106.342159, 29.73598], [106.342604, 29.737011], [106.344078, 29.737435], [106.345932, 29.736296], [106.346953, 29.736612], [106.347756, 29.735493], [106.34789, 29.736479], [106.348628, 29.736251], [106.349468, 29.736727], [106.349292, 29.735697], [106.350036, 29.734898], [106.350712, 29.735365], [106.352576, 29.735252], [106.352808, 29.734586], [106.352436, 29.733847], [106.354414, 29.732683], [106.354963, 29.731585], [106.356093, 29.731737], [106.356532, 29.731196], [106.356466, 29.729987], [106.357657, 29.729004], [106.357312, 29.728306], [106.357865, 29.728852], [106.358324, 29.728156], [106.358185, 29.726262], [106.358516, 29.725828], [106.359276, 29.725765], [106.36254, 29.726709], [106.364224, 29.726727], [106.364627, 29.726307], [106.365124, 29.72435], [106.364525, 29.723533], [106.363012, 29.723318], [106.360944, 29.723696], [106.360482, 29.723356], [106.360726, 29.722152], [106.362732, 29.720432], [106.362818, 29.719755], [106.356182, 29.71621], [106.356335, 29.715635], [106.35698, 29.7153], [106.361779, 29.714885], [106.363594, 29.714286], [106.365016, 29.713246], [106.364929, 29.712743], [106.363793, 29.711669], [106.361213, 29.710002], [106.361584, 29.707849], [106.360688, 29.707549], [106.359748, 29.70786], [106.357697, 29.710005], [106.357216, 29.710167], [106.352499, 29.708135], [106.350576, 29.709656], [106.348623, 29.710561], [106.348147, 29.710028], [106.347704, 29.70832], [106.348265, 29.707013], [106.349481, 29.705579], [106.350505, 29.70483], [106.354246, 29.704484], [106.354483, 29.704188], [106.354271, 29.70365], [106.353372, 29.703163], [106.353858, 29.702119], [106.353359, 29.701487], [106.353593, 29.701158], [106.352523, 29.701139], [106.352454, 29.702289], [106.3515, 29.703263], [106.350426, 29.702138], [106.349734, 29.702099], [106.349464, 29.702641], [106.348676, 29.702764], [106.348099, 29.70432], [106.347424, 29.703789], [106.346644, 29.703734], [106.345303, 29.704194], [106.343821, 29.703474], [106.342725, 29.703989], [106.3425, 29.70388], [106.342626, 29.703249], [106.34167, 29.702827], [106.341315, 29.702302], [106.341411, 29.701329], [106.341051, 29.700883], [106.341671, 29.700398], [106.341843, 29.699213], [106.34435, 29.698128], [106.346341, 29.697988], [106.347227, 29.697203], [106.348011, 29.695849], [106.347159, 29.694349], [106.346187, 29.690601], [106.344596, 29.687588], [106.3445, 29.686546], [106.345548, 29.685989], [106.346505, 29.686057], [106.347693, 29.689106], [106.348762, 29.690189], [106.351051, 29.68952], [106.351852, 29.688845], [106.351744, 29.686573], [106.352754, 29.682713], [106.351808, 29.678823], [106.352942, 29.676251], [106.350623, 29.673552], [106.349549, 29.67086], [106.348366, 29.670966], [106.342855, 29.673472], [106.342192, 29.673388], [106.341422, 29.672417], [106.341121, 29.672493], [106.337932, 29.674365], [106.337289, 29.674388], [106.336409, 29.673027], [106.335062, 29.673832], [106.332932, 29.674458], [106.331548, 29.674447], [106.330156, 29.673827], [106.3259, 29.675715], [106.325225, 29.676494], [106.322106, 29.676858], [106.32173, 29.677177], [106.322093, 29.678204], [106.321691, 29.678763], [106.321134, 29.678798], [106.321011, 29.678443], [106.320988, 29.676565], [106.32001, 29.676685], [106.319577, 29.676171], [106.319019, 29.67707], [106.318383, 29.677129], [106.318349, 29.678142], [106.317933, 29.67888], [106.318096, 29.679206], [106.317582, 29.679879], [106.317903, 29.680537], [106.317188, 29.680886], [106.317867, 29.681742], [106.3203, 29.682905], [106.320071, 29.68317], [106.320536, 29.683544], [106.320725, 29.684671], [106.320336, 29.685151], [106.31966, 29.685168], [106.319156, 29.685607], [106.318738, 29.685228], [106.315673, 29.685521], [106.315389, 29.685107], [106.313804, 29.685039], [106.313259, 29.683687], [106.311632, 29.683665], [106.310997, 29.683995], [106.311013, 29.684983], [106.309444, 29.68407], [106.308135, 29.684729], [106.308034, 29.686096], [106.307344, 29.686254], [106.306863, 29.68728], [106.305995, 29.687157], [106.305733, 29.687829], [106.304847, 29.688329], [106.301665, 29.68945], [106.300671, 29.689525], [106.30133, 29.692702], [106.301937, 29.69399], [106.302574, 29.69388], [106.302573, 29.697519], [106.303004, 29.699901], [106.30409, 29.700979], [106.304349, 29.701807], [106.304096, 29.702697], [106.305186, 29.704579], [106.304743, 29.705471], [106.304667, 29.706713], [106.306136, 29.70912], [106.307254, 29.712495], [106.306462, 29.713031], [106.306651, 29.713433], [106.3059, 29.714727], [106.306418, 29.716999], [106.306225, 29.717942], [106.304856, 29.718567], [106.304384, 29.720344], [106.301521, 29.72276], [106.299984, 29.723556], [106.298975, 29.723416], [106.297334, 29.722572], [106.296867, 29.722973], [106.297968, 29.724255], [106.297769, 29.727089], [106.299105, 29.728332], [106.299314, 29.729323], [106.300233, 29.730659], [106.300382, 29.733986], [106.301189, 29.735367], [106.301386, 29.738035], [106.301998, 29.738885], [106.304354, 29.738416], [106.305782, 29.738543], [106.305276, 29.739965], [106.306287, 29.740694], [106.306929, 29.741709], [106.307685, 29.741552]]]]}}, {"type": "Feature", "properties": {"code": "500106106", "name": "回龙坝镇", "parentCode": "500106", "center": "106.37656,29.70676"}, "geometry": {"type": "MultiPolygon", "coordinates": [[[[106.366393, 29.748173], [106.366986, 29.747584], [106.367418, 29.748344], [106.367909, 29.748217], [106.368862, 29.746945], [106.369524, 29.747283], [106.370582, 29.74717], [106.371354, 29.748414], [106.372766, 29.748583], [106.374013, 29.748071], [106.376028, 29.746568], [106.376835, 29.746399], [106.377461, 29.747028], [106.378365, 29.749699], [106.380145, 29.749617], [106.38144, 29.748745], [106.383395, 29.748093], [106.384533, 29.746431], [106.38619, 29.746099], [106.386814, 29.745664], [106.387073, 29.74392], [106.386727, 29.741649], [106.386121, 29.741724], [106.385515, 29.743103], [106.383782, 29.743821], [106.381814, 29.743387], [106.381596, 29.742883], [106.384558, 29.741819], [106.385884, 29.74029], [106.388229, 29.738759], [106.388894, 29.740079], [106.388865, 29.74079], [106.389621, 29.741216], [106.389392, 29.742073], [106.389625, 29.742769], [106.391883, 29.743526], [106.392034, 29.742377], [106.39307, 29.742208], [106.393841, 29.744011], [106.394248, 29.744239], [106.395958, 29.743437], [106.396158, 29.743766], [106.395801, 29.745738], [106.398973, 29.743355], [106.3999, 29.743543], [106.400653, 29.744412], [106.402167, 29.744179], [106.402755, 29.74243], [106.403798, 29.741392], [106.40613, 29.741264], [106.406786, 29.742504], [106.407548, 29.74267], [106.409394, 29.7427], [106.409722, 29.742244], [106.40947, 29.741263], [106.408509, 29.739856], [106.408365, 29.738868], [106.406504, 29.739288], [106.405121, 29.738292], [106.405262, 29.737888], [106.404481, 29.737297], [106.404694, 29.736222], [106.403917, 29.73491], [106.404454, 29.734725], [106.404138, 29.734049], [106.405905, 29.734088], [106.405659, 29.733172], [106.4058, 29.731895], [106.405098, 29.731297], [106.404843, 29.730086], [106.405087, 29.728496], [106.403998, 29.726904], [106.403583, 29.726755], [106.403796, 29.7259], [106.403575, 29.725022], [106.404679, 29.723156], [106.403686, 29.722765], [106.403951, 29.722082], [106.403757, 29.721577], [106.4052, 29.720273], [106.40479, 29.719943], [106.404069, 29.72018], [106.403699, 29.719649], [106.40266, 29.719824], [106.402255, 29.718746], [106.402995, 29.717952], [106.404372, 29.717618], [106.404343, 29.717102], [106.403968, 29.716834], [106.404025, 29.714863], [106.403077, 29.713177], [106.403408, 29.712097], [106.401284, 29.712795], [106.39992, 29.712274], [106.398282, 29.712479], [106.398532, 29.711652], [106.399954, 29.710938], [106.39932, 29.710224], [106.399478, 29.708975], [106.398487, 29.708356], [106.398205, 29.707743], [106.400094, 29.70712], [106.401358, 29.705995], [106.400733, 29.70125], [106.400351, 29.700827], [106.400068, 29.698957], [106.399417, 29.698399], [106.399226, 29.697534], [106.398601, 29.697413], [106.39859, 29.695498], [106.397437, 29.69557], [106.396759, 29.694879], [106.396305, 29.69346], [106.396272, 29.692158], [106.396974, 29.692002], [106.396614, 29.691455], [106.39827, 29.690696], [106.397831, 29.689793], [106.398056, 29.688812], [106.397625, 29.687342], [106.395682, 29.687248], [106.395369, 29.685849], [106.394844, 29.685551], [106.395164, 29.685181], [106.394502, 29.685009], [106.394474, 29.683534], [106.393958, 29.682158], [106.393299, 29.68133], [106.393866, 29.680202], [106.397356, 29.67882], [106.397379, 29.675978], [106.395282, 29.676208], [106.391314, 29.675437], [106.390519, 29.676024], [106.390204, 29.675803], [106.388843, 29.675964], [106.388778, 29.674668], [106.386806, 29.672893], [106.385653, 29.672358], [106.384673, 29.673227], [106.384237, 29.671761], [106.384727, 29.671528], [106.384359, 29.67164], [106.384479, 29.67131], [106.384109, 29.670926], [106.383602, 29.671142], [106.383872, 29.671475], [106.383325, 29.671041], [106.382773, 29.671179], [106.38315, 29.670706], [106.382616, 29.670177], [106.382562, 29.670532], [106.381947, 29.670241], [106.381695, 29.670975], [106.381295, 29.670624], [106.381364, 29.670175], [106.380953, 29.670173], [106.38094, 29.670603], [106.380124, 29.670686], [106.380305, 29.669367], [106.379629, 29.669317], [106.379201, 29.667879], [106.378319, 29.667812], [106.378038, 29.667351], [106.377602, 29.667491], [106.377099, 29.666389], [106.37728, 29.665818], [106.379091, 29.665466], [106.379111, 29.663552], [106.378031, 29.663635], [106.376685, 29.663085], [106.377082, 29.660854], [106.37416, 29.660858], [106.373994, 29.66023], [106.373128, 29.660468], [106.372439, 29.659661], [106.370947, 29.660174], [106.370474, 29.659226], [106.370688, 29.658802], [106.370187, 29.658207], [106.369492, 29.658068], [106.369628, 29.657557], [106.369279, 29.657346], [106.369763, 29.656942], [106.369391, 29.656888], [106.369336, 29.6565], [106.367864, 29.656069], [106.367489, 29.657659], [106.367815, 29.658238], [106.367297, 29.658483], [106.366449, 29.657313], [106.365965, 29.658058], [106.366408, 29.659065], [106.366272, 29.659712], [106.366863, 29.660437], [106.367386, 29.660473], [106.366461, 29.661085], [106.367137, 29.661453], [106.367377, 29.662543], [106.366805, 29.663195], [106.365477, 29.662698], [106.365202, 29.663271], [106.364114, 29.663192], [106.363456, 29.662794], [106.362119, 29.663183], [106.36212, 29.66383], [106.362514, 29.664339], [106.362205, 29.665074], [106.362485, 29.665271], [106.362326, 29.665811], [106.361998, 29.665527], [106.361882, 29.665951], [106.361208, 29.665983], [106.3611, 29.6669], [106.359782, 29.667677], [106.359797, 29.668289], [106.358897, 29.669725], [106.357677, 29.670524], [106.357803, 29.671287], [106.357542, 29.671905], [106.358348, 29.673025], [106.358408, 29.673843], [106.357723, 29.673941], [106.356988, 29.674753], [106.356303, 29.674562], [106.356233, 29.675295], [106.355715, 29.675124], [106.353696, 29.677526], [106.352601, 29.677309], [106.351952, 29.678344], [106.351822, 29.67902], [106.352752, 29.682825], [106.351783, 29.686316], [106.351722, 29.689122], [106.349875, 29.690028], [106.348762, 29.690189], [106.347693, 29.689106], [106.346505, 29.686057], [106.345548, 29.685989], [106.344382, 29.686713], [106.346359, 29.691025], [106.347159, 29.694349], [106.34793, 29.695376], [106.347982, 29.695976], [106.346341, 29.697988], [106.34435, 29.698128], [106.342033, 29.699058], [106.341699, 29.699473], [106.341671, 29.700398], [106.341051, 29.700883], [106.341411, 29.701329], [106.341493, 29.702648], [106.342667, 29.703307], [106.342504, 29.703887], [106.343268, 29.703902], [106.343821, 29.703474], [106.345303, 29.704194], [106.346644, 29.703734], [106.347424, 29.703789], [106.348099, 29.70432], [106.348676, 29.702764], [106.349464, 29.702641], [106.349734, 29.702099], [106.350426, 29.702138], [106.3515, 29.703263], [106.352454, 29.702289], [106.352523, 29.701139], [106.353593, 29.701158], [106.353359, 29.701487], [106.353858, 29.702119], [106.353372, 29.703163], [106.354271, 29.70365], [106.354483, 29.704188], [106.354246, 29.704484], [106.350505, 29.70483], [106.349481, 29.705579], [106.348265, 29.707013], [106.347704, 29.70832], [106.348394, 29.710437], [106.348883, 29.710561], [106.350307, 29.709808], [106.352499, 29.708135], [106.356007, 29.70986], [106.357384, 29.710147], [106.359748, 29.70786], [106.360991, 29.707561], [106.361685, 29.708127], [106.361213, 29.710002], [106.363078, 29.711098], [106.365001, 29.712861], [106.364676, 29.713582], [106.363129, 29.71448], [106.361257, 29.715001], [106.357401, 29.715193], [106.356237, 29.715771], [106.356407, 29.716486], [106.362818, 29.719755], [106.362732, 29.720432], [106.360726, 29.722152], [106.360405, 29.722893], [106.360531, 29.723504], [106.364387, 29.723444], [106.365101, 29.72422], [106.364892, 29.725646], [106.364432, 29.726603], [106.364026, 29.72675], [106.362027, 29.726628], [106.359276, 29.725765], [106.358383, 29.725931], [106.358324, 29.728156], [106.357865, 29.728852], [106.357312, 29.728306], [106.357645, 29.729045], [106.356466, 29.729987], [106.356555, 29.731125], [106.356252, 29.731637], [106.354963, 29.731585], [106.354414, 29.732683], [106.352644, 29.733634], [106.352475, 29.734119], [106.352808, 29.734586], [106.352576, 29.735252], [106.350712, 29.735365], [106.352111, 29.737861], [106.35088, 29.739624], [106.351657, 29.740019], [106.35264, 29.739798], [106.353428, 29.74007], [106.355023, 29.739127], [106.358113, 29.738661], [106.359087, 29.739179], [106.359507, 29.738903], [106.359686, 29.738039], [106.362632, 29.738213], [106.364288, 29.73797], [106.36471, 29.738644], [106.363904, 29.739917], [106.365258, 29.741227], [106.365379, 29.742566], [106.364793, 29.744274], [106.363431, 29.745866], [106.363356, 29.746475], [106.363636, 29.746574], [106.365323, 29.745556], [106.367219, 29.745564], [106.367568, 29.745898], [106.365804, 29.747532], [106.364309, 29.747387], [106.363824, 29.747928], [106.362604, 29.748088], [106.362486, 29.748638], [106.363382, 29.749828], [106.365004, 29.750531], [106.366393, 29.748173]]]]}}, {"type": "Feature", "properties": {"code": "500106112", "name": "中梁镇", "parentCode": "500106", "center": "106.41422,29.68441"}, "geometry": {"type": "MultiPolygon", "coordinates": [[[[106.414242, 29.750738], [106.415375, 29.751554], [106.415784, 29.75242], [106.416201, 29.752383], [106.416419, 29.752211], [106.416101, 29.751198], [106.416613, 29.74963], [106.417295, 29.749631], [106.41806, 29.750648], [106.418985, 29.750377], [106.419819, 29.750911], [106.42015, 29.75072], [106.419911, 29.749598], [106.421024, 29.748589], [106.423373, 29.751152], [106.425747, 29.751324], [106.427551, 29.752536], [106.428242, 29.752245], [106.428442, 29.751067], [106.428995, 29.75149], [106.429919, 29.750946], [106.432397, 29.751411], [106.433096, 29.750914], [106.434025, 29.75139], [106.434178, 29.75117], [106.433265, 29.749868], [106.433403, 29.748904], [106.434133, 29.748236], [106.43454, 29.748758], [106.434833, 29.748009], [106.435489, 29.747528], [106.436882, 29.748644], [106.437341, 29.74738], [106.438201, 29.747195], [106.439299, 29.746414], [106.438402, 29.744817], [106.440604, 29.744095], [106.438642, 29.741001], [106.438459, 29.739572], [106.438722, 29.73725], [106.438111, 29.733056], [106.435391, 29.728608], [106.433808, 29.728043], [106.433541, 29.72764], [106.433134, 29.723099], [106.433159, 29.718769], [106.430137, 29.715588], [106.429299, 29.713843], [106.428969, 29.711371], [106.427874, 29.708684], [106.427345, 29.703717], [106.427059, 29.700832], [106.427775, 29.700599], [106.427847, 29.699667], [106.426686, 29.698385], [106.425423, 29.695732], [106.425355, 29.692966], [106.424343, 29.690707], [106.424556, 29.6895], [106.424374, 29.686728], [106.42284, 29.683242], [106.422959, 29.681399], [106.423563, 29.680208], [106.42318, 29.678731], [106.423142, 29.675223], [106.424355, 29.671938], [106.425207, 29.66806], [106.42535, 29.66555], [106.42474, 29.664375], [106.422924, 29.663325], [106.422725, 29.662383], [106.420969, 29.660503], [106.420566, 29.658887], [106.421589, 29.658498], [106.425006, 29.658695], [106.426573, 29.658018], [106.427458, 29.656882], [106.427744, 29.655397], [106.426346, 29.655073], [106.424207, 29.655718], [106.424074, 29.655431], [106.424415, 29.655108], [106.427904, 29.65445], [106.428571, 29.654096], [106.428887, 29.653384], [106.429033, 29.651371], [106.428462, 29.650221], [106.428837, 29.649887], [106.428861, 29.648958], [106.428243, 29.648914], [106.428397, 29.648633], [106.427589, 29.648135], [106.425903, 29.648979], [106.425592, 29.647743], [106.425806, 29.64741], [106.427028, 29.647681], [106.427233, 29.647391], [106.42837, 29.647251], [106.42848, 29.64698], [106.428032, 29.646574], [106.428868, 29.646501], [106.429403, 29.645827], [106.429324, 29.645089], [106.429632, 29.644865], [106.429156, 29.644102], [106.42832, 29.643417], [106.427345, 29.643321], [106.42753, 29.642637], [106.428466, 29.641912], [106.428562, 29.640793], [106.428173, 29.639563], [106.427227, 29.638397], [106.426494, 29.638194], [106.426472, 29.636934], [106.428195, 29.636507], [106.429387, 29.633439], [106.428775, 29.633137], [106.428658, 29.633851], [106.42798, 29.63437], [106.427889, 29.633505], [106.428302, 29.63312], [106.427948, 29.632815], [106.427915, 29.632037], [106.426703, 29.631059], [106.425392, 29.631451], [106.425255, 29.632724], [106.424935, 29.632715], [106.42485, 29.629145], [106.425273, 29.629199], [106.42518, 29.629836], [106.425852, 29.630464], [106.426249, 29.630358], [106.426921, 29.630805], [106.427715, 29.629422], [106.427913, 29.628334], [106.427, 29.627334], [106.426399, 29.627176], [106.426429, 29.626793], [106.427178, 29.62652], [106.426765, 29.624848], [106.423052, 29.62098], [106.421883, 29.619322], [106.42055, 29.61823], [106.418369, 29.617169], [106.417057, 29.617244], [106.416032, 29.616846], [106.415259, 29.61691], [106.414812, 29.616498], [106.411847, 29.616118], [106.408288, 29.616939], [106.405177, 29.618719], [106.402493, 29.622849], [106.402483, 29.623321], [106.401961, 29.622903], [106.400311, 29.62323], [106.398116, 29.622746], [106.398139, 29.623971], [106.397354, 29.625259], [106.397633, 29.626795], [106.398412, 29.627276], [106.398106, 29.626603], [106.398375, 29.625323], [106.399512, 29.625912], [106.401055, 29.627336], [106.39963, 29.628622], [106.39937, 29.630616], [106.398605, 29.630378], [106.398122, 29.631208], [106.398207, 29.63156], [106.399735, 29.632611], [106.398475, 29.633727], [106.398408, 29.634111], [106.398846, 29.634439], [106.3989, 29.63501], [106.399221, 29.635006], [106.399958, 29.635852], [106.399371, 29.63738], [106.398157, 29.637573], [106.397403, 29.638775], [106.39663, 29.63869], [106.394691, 29.63932], [106.394236, 29.639133], [106.393918, 29.639351], [106.393574, 29.639062], [106.393095, 29.639639], [106.392155, 29.639637], [106.392534, 29.641608], [106.393068, 29.642139], [106.393207, 29.641096], [106.393716, 29.640791], [106.393979, 29.639653], [106.394042, 29.64084], [106.393737, 29.64147], [106.3943, 29.642099], [106.394851, 29.642129], [106.39455, 29.642555], [106.395699, 29.643712], [106.3956, 29.644513], [106.396725, 29.644236], [106.396806, 29.644504], [106.396766, 29.644895], [106.394613, 29.644894], [106.394627, 29.645618], [106.393807, 29.646929], [106.3942, 29.648665], [106.393882, 29.650933], [106.394313, 29.651845], [106.393306, 29.653122], [106.392838, 29.652823], [106.392481, 29.65299], [106.392219, 29.653643], [106.393622, 29.654714], [106.395283, 29.660251], [106.394559, 29.662103], [106.394879, 29.666439], [106.396284, 29.670336], [106.397549, 29.676737], [106.397356, 29.67882], [106.393866, 29.680202], [106.393309, 29.681453], [106.393958, 29.682158], [106.394474, 29.683534], [106.394502, 29.685009], [106.395164, 29.685181], [106.394844, 29.685551], [106.395369, 29.685849], [106.395682, 29.687248], [106.397625, 29.687342], [106.398056, 29.688812], [106.397831, 29.689793], [106.39827, 29.690696], [106.396614, 29.691455], [106.396974, 29.692002], [106.396272, 29.692158], [106.396305, 29.69346], [106.396759, 29.694879], [106.397437, 29.69557], [106.39859, 29.695498], [106.398601, 29.697413], [106.399226, 29.697534], [106.399417, 29.698399], [106.400241, 29.699336], [106.401311, 29.705433], [106.401358, 29.705995], [106.400484, 29.706834], [106.398205, 29.707743], [106.398487, 29.708356], [106.399478, 29.708975], [106.39932, 29.710224], [106.399954, 29.710938], [106.398532, 29.711652], [106.398282, 29.712479], [106.39992, 29.712274], [106.401284, 29.712795], [106.403408, 29.712097], [106.403077, 29.713177], [106.404025, 29.714863], [106.403968, 29.716834], [106.404343, 29.717102], [106.404372, 29.717618], [106.402995, 29.717952], [106.402255, 29.718746], [106.40266, 29.719824], [106.403699, 29.719649], [106.404069, 29.72018], [106.40479, 29.719943], [106.4052, 29.720273], [106.403757, 29.721577], [106.403951, 29.722082], [106.403686, 29.722765], [106.404679, 29.723156], [106.403575, 29.725022], [106.403796, 29.7259], [106.403583, 29.726755], [106.403998, 29.726904], [106.405087, 29.728496], [106.404843, 29.730086], [106.405098, 29.731297], [106.4058, 29.731895], [106.405659, 29.733172], [106.405905, 29.734088], [106.404138, 29.734049], [106.404454, 29.734725], [106.403917, 29.73491], [106.404694, 29.736222], [106.404481, 29.737297], [106.405262, 29.737888], [106.405121, 29.738292], [106.406504, 29.739288], [106.408365, 29.738868], [106.408509, 29.739856], [106.40947, 29.741263], [106.409722, 29.742244], [106.409029, 29.744665], [106.411393, 29.746193], [106.411157, 29.748954], [106.412636, 29.749748], [106.414359, 29.75292], [106.414953, 29.753358], [106.414242, 29.750738]]]]}}], "metadata": {"layer": "streets", "description": "街道/镇边界（subdivisions，simplify）", "source": "cq_admin_division_api", "mode": "subdivisions", "code": "500106", "feature_count": 22, "exported_at": "2026-05-24T19:14:39+0800"}, "_meta": {"layer": "streets", "source_file": "shapingba_streets.geojson", "exported_at": "2026-05-24T21:33:21+0800"}}